-- MySQL dump 10.13  Distrib 9.3.0, for Linux (x86_64)
--
-- Host: localhost    Database: testing
-- ------------------------------------------------------
-- Server version	9.3.0

/*!40101 SET @OLD_CHARACTER_SET_CLIENT=@@CHARACTER_SET_CLIENT */;
/*!40101 SET @OLD_CHARACTER_SET_RESULTS=@@CHARACTER_SET_RESULTS */;
/*!40101 SET @OLD_COLLATION_CONNECTION=@@COLLATION_CONNECTION */;
/*!50503 SET NAMES utf8mb4 */;
/*!40103 SET @OLD_TIME_ZONE=@@TIME_ZONE */;
/*!40103 SET TIME_ZONE='+00:00' */;
/*!40014 SET @OLD_UNIQUE_CHECKS=@@UNIQUE_CHECKS, UNIQUE_CHECKS=0 */;
/*!40014 SET @OLD_FOREIGN_KEY_CHECKS=@@FOREIGN_KEY_CHECKS, FOREIGN_KEY_CHECKS=0 */;
/*!40101 SET @OLD_SQL_MODE=@@SQL_MODE, SQL_MODE='NO_AUTO_VALUE_ON_ZERO' */;
/*!40111 SET @OLD_SQL_NOTES=@@SQL_NOTES, SQL_NOTES=0 */;

--
-- Table structure for table `admin`
--

DROP TABLE IF EXISTS `admin`;
/*!40101 SET @saved_cs_client     = @@character_set_client */;
/*!50503 SET character_set_client = utf8mb4 */;
CREATE TABLE `admin` (
  `ma_so` varchar(255) NOT NULL,
  `ma_so_thue` varchar(255) DEFAULT NULL,
  `so_tk` varchar(255) DEFAULT NULL,
  PRIMARY KEY (`ma_so`)
) ENGINE=InnoDB DEFAULT CHARSET=utf8mb4 COLLATE=utf8mb4_0900_ai_ci;
/*!40101 SET character_set_client = @saved_cs_client */;

--
-- Dumping data for table `admin`
--

LOCK TABLES `admin` WRITE;
/*!40000 ALTER TABLE `admin` DISABLE KEYS */;
INSERT INTO `admin` VALUES ('C2110945','123123123','123123123');
/*!40000 ALTER TABLE `admin` ENABLE KEYS */;
UNLOCK TABLES;

--
-- Table structure for table `certificate`
--

DROP TABLE IF EXISTS `certificate`;
/*!40101 SET @saved_cs_client     = @@character_set_client */;
/*!50503 SET character_set_client = utf8mb4 */;
CREATE TABLE `certificate` (
  `id` bigint NOT NULL AUTO_INCREMENT,
  `image_url` varchar(255) DEFAULT NULL,
  `ngay_cap` date DEFAULT NULL,
  `ten_chung_chi` varchar(255) DEFAULT NULL,
  `ma_so` varchar(255) DEFAULT NULL,
  PRIMARY KEY (`id`),
  KEY `FKjyw2yjwwweg7u01locxwase7j` (`ma_so`),
  CONSTRAINT `FKjyw2yjwwweg7u01locxwase7j` FOREIGN KEY (`ma_so`) REFERENCES `sinh_vien` (`ma_so`)
) ENGINE=InnoDB AUTO_INCREMENT=2 DEFAULT CHARSET=utf8mb4 COLLATE=utf8mb4_0900_ai_ci;
/*!40101 SET character_set_client = @saved_cs_client */;

--
-- Dumping data for table `certificate`
--

LOCK TABLES `certificate` WRITE;
/*!40000 ALTER TABLE `certificate` DISABLE KEYS */;
INSERT INTO `certificate` VALUES (1,'https://res.cloudinary.com/b2110945/image/upload/v1752112436/certificate/B2410945/f5atvl3fd9zhyyjlizji.jpg','2025-07-10','TOEIC','B2410945');
/*!40000 ALTER TABLE `certificate` ENABLE KEYS */;
UNLOCK TABLES;

--
-- Table structure for table `chuong_trinh_dao_tao`
--

DROP TABLE IF EXISTS `chuong_trinh_dao_tao`;
/*!40101 SET @saved_cs_client     = @@character_set_client */;
/*!50503 SET character_set_client = utf8mb4 */;
CREATE TABLE `chuong_trinh_dao_tao` (
  `khoa_hoc` varchar(255) NOT NULL,
  `ma_nganh` bigint DEFAULT NULL,
  `noi_dung` varchar(255) DEFAULT NULL,
  `id` bigint NOT NULL AUTO_INCREMENT,
  `tong_so_tin_chi` bigint DEFAULT NULL,
  `tong_so_tin_chi_tu_chon` bigint DEFAULT NULL,
  `ten_chuong_trinh_dao_tao` varchar(255) DEFAULT NULL,
  PRIMARY KEY (`id`)
) ENGINE=InnoDB AUTO_INCREMENT=9 DEFAULT CHARSET=utf8mb4 COLLATE=utf8mb4_0900_ai_ci;
/*!40101 SET character_set_client = @saved_cs_client */;

--
-- Dumping data for table `chuong_trinh_dao_tao`
--

LOCK TABLES `chuong_trinh_dao_tao` WRITE;
/*!40000 ALTER TABLE `chuong_trinh_dao_tao` DISABLE KEYS */;
INSERT INTO `chuong_trinh_dao_tao` VALUES ('K47',7,'Không có',1,156,45,NULL),('K47',2,'Không có',5,156,45,NULL),('K47',6,'Không có',6,156,45,NULL),('K46',6,'Không có',7,156,45,NULL);
/*!40000 ALTER TABLE `chuong_trinh_dao_tao` ENABLE KEYS */;
UNLOCK TABLES;

--
-- Table structure for table `ctdt_hp`
--

DROP TABLE IF EXISTS `ctdt_hp`;
/*!40101 SET @saved_cs_client     = @@character_set_client */;
/*!50503 SET character_set_client = utf8mb4 */;
CREATE TABLE `ctdt_hp` (
  `chuong_trinh_dao_tao_id` bigint NOT NULL,
  `hoc_phan_id` varchar(255) NOT NULL,
  KEY `FKc8aatkkhr88qs9i1qjiyxn3i2` (`hoc_phan_id`),
  KEY `FKkovxqtj6uvla55pci4g827l4c` (`chuong_trinh_dao_tao_id`),
  CONSTRAINT `FKc8aatkkhr88qs9i1qjiyxn3i2` FOREIGN KEY (`hoc_phan_id`) REFERENCES `hoc_phan` (`ma_hp`),
  CONSTRAINT `FKkovxqtj6uvla55pci4g827l4c` FOREIGN KEY (`chuong_trinh_dao_tao_id`) REFERENCES `chuong_trinh_dao_tao` (`id`)
) ENGINE=InnoDB DEFAULT CHARSET=utf8mb4 COLLATE=utf8mb4_0900_ai_ci;
/*!40101 SET character_set_client = @saved_cs_client */;

--
-- Dumping data for table `ctdt_hp`
--

LOCK TABLES `ctdt_hp` WRITE;
/*!40000 ALTER TABLE `ctdt_hp` DISABLE KEYS */;
INSERT INTO `ctdt_hp` VALUES (1,'CT100'),(1,'CT101'),(1,'CT112'),(1,'CT121'),(1,'CT124'),(1,'CT126'),(1,'CT127'),(1,'CT172'),(1,'CT173'),(1,'CT174'),(1,'CT175'),(1,'CT176'),(1,'CT177'),(1,'CT178'),(1,'CT179'),(1,'CT180'),(1,'CT182'),(1,'CT188'),(1,'CT190'),(1,'CT200'),(1,'CT202'),(1,'CT205'),(1,'CT206'),(1,'CT207'),(1,'CT211'),(1,'CT212'),(1,'CT221'),(1,'CT222'),(1,'CT223'),(1,'CT224'),(1,'CT225'),(1,'CT226'),(1,'CT227'),(1,'CT228'),(1,'CT229'),(1,'CT230'),(1,'CT231'),(1,'CT232'),(1,'CT233'),(1,'CT234'),(1,'CT235'),(1,'CT237'),(1,'CT238'),(1,'CT251'),(1,'CT272'),(1,'CT273'),(1,'CT274'),(1,'CT296'),(1,'CT332'),(1,'CT335'),(1,'CT338'),(1,'CT344'),(1,'CT428'),(1,'CT439'),(1,'CT476'),(1,'CT482'),(1,'CT507'),(1,'CT555'),(1,'FL001'),(1,'FL002'),(1,'FL003'),(1,'KL001'),(1,'KN001'),(1,'KN002'),(1,'ML007'),(1,'ML014'),(1,'ML016'),(1,'ML018'),(1,'ML019'),(1,'ML021'),(1,'QP011'),(1,'QP012'),(1,'QP013'),(1,'TN001'),(1,'TN002'),(1,'TN010'),(1,'TN012'),(1,'XH011'),(1,'XH012'),(1,'XH014'),(1,'XH023'),(1,'XH024'),(1,'XH025'),(1,'XH028'),(1,'QP010'),(1,'CT100'),(1,'CT101'),(1,'CT112'),(1,'CT172'),(1,'CT173'),(1,'CT174'),(1,'CT175'),(1,'CT176'),(1,'CT177'),(1,'CT178'),(1,'CT179'),(1,'CT180'),(1,'CT182'),(1,'CT188'),(1,'CT190'),(1,'CT200'),(1,'CT210'),(1,'CT211'),(1,'CT219'),(1,'CT222'),(1,'CT223'),(1,'CT233'),(1,'CT273'),(1,'CT275'),(1,'CT279'),(1,'CT283'),(1,'CT293'),(1,'CT294'),(1,'CT296'),(1,'CT297'),(1,'CT300'),(1,'CT312'),(1,'CT449'),(1,'CT467'),(1,'CT478'),(1,'CT482'),(1,'CT484'),(1,'CT522'),(1,'FL001'),(1,'FL002'),(1,'FL003'),(1,'FL007'),(1,'FL008'),(1,'FL009'),(1,'KL001'),(1,'KN001'),(1,'KN002'),(1,'ML007'),(1,'ML014'),(1,'ML016'),(1,'ML018'),(1,'ML019'),(1,'ML021'),(1,'QP010'),(1,'QP011'),(1,'QP012'),(1,'QP013'),(1,'TN001'),(1,'TN002'),(1,'TN010'),(1,'TN012'),(1,'XH011'),(1,'XH012'),(1,'XH014'),(1,'XH023'),(1,'XH024'),(1,'XH025'),(1,'XH028'),(1,'XH031'),(1,'XH032'),(1,'XH033'),(6,'CT100'),(6,'CT101'),(6,'CT112'),(6,'CT121'),(6,'CT124'),(6,'CT126'),(6,'CT127'),(6,'CT172'),(6,'CT173'),(6,'CT174'),(6,'CT175'),(6,'CT176'),(6,'CT177'),(6,'CT178'),(6,'CT179'),(6,'CT180'),(6,'CT182'),(6,'CT188'),(6,'CT190'),(6,'CT200'),(6,'CT202'),(6,'CT205'),(6,'CT206'),(6,'CT207'),(6,'CT211'),(6,'CT212'),(6,'CT221'),(6,'CT222'),(6,'CT223'),(6,'CT224'),(6,'CT225'),(6,'CT226'),(6,'CT227'),(6,'CT228'),(6,'CT229'),(6,'CT230'),(6,'CT231'),(6,'CT232'),(6,'CT233'),(6,'CT234'),(6,'CT235'),(6,'CT237'),(6,'CT238'),(6,'CT251'),(6,'CT272'),(6,'CT273'),(6,'CT274'),(6,'CT296'),(6,'CT332'),(6,'CT335'),(6,'CT338'),(6,'CT344'),(6,'CT428'),(6,'CT439'),(6,'CT476'),(6,'CT482'),(6,'CT507'),(6,'CT555'),(6,'FL001'),(6,'FL002'),(6,'FL003'),(6,'KL001'),(6,'KN001'),(6,'KN002'),(6,'ML007'),(6,'ML014'),(6,'ML016'),(6,'ML018'),(6,'ML019'),(6,'ML021'),(6,'QP010'),(6,'QP011'),(6,'QP012'),(6,'QP013'),(6,'TN001'),(6,'TN002'),(6,'TN010'),(6,'TN012'),(6,'XH011'),(6,'XH012'),(6,'XH014'),(6,'XH023'),(6,'XH024'),(6,'XH025'),(6,'XH028'),(1,'CT466'),(1,'CT550'),(7,'CT100'),(7,'CT101'),(7,'CT112'),(7,'CT121'),(7,'CT124'),(7,'CT126'),(7,'CT127'),(7,'CT172'),(7,'CT173'),(7,'CT174'),(7,'CT175'),(7,'CT176'),(7,'CT177'),(7,'CT178'),(7,'CT179'),(7,'CT180'),(7,'CT182'),(7,'CT188'),(7,'CT190'),(7,'CT200'),(7,'CT202'),(7,'CT205'),(7,'CT206'),(7,'CT207'),(7,'CT211'),(7,'CT212'),(7,'CT221'),(7,'CT222'),(7,'CT223'),(7,'CT224'),(7,'CT225'),(7,'CT226'),(7,'CT227'),(7,'CT228'),(7,'CT229'),(7,'CT230'),(7,'CT231'),(7,'CT232'),(7,'CT233'),(7,'CT234'),(7,'CT235'),(7,'CT237'),(7,'CT238'),(7,'CT251'),(7,'CT272'),(7,'CT273'),(7,'CT274'),(7,'CT296'),(7,'CT332'),(7,'CT335'),(7,'CT338'),(7,'CT344'),(7,'CT428'),(7,'CT439'),(7,'CT476'),(7,'CT482'),(7,'CT507'),(7,'CT555'),(7,'FL001'),(7,'FL002'),(7,'FL003'),(7,'KL001'),(7,'KN001'),(7,'KN002'),(7,'ML007'),(7,'ML014'),(7,'ML016'),(7,'ML018'),(7,'ML019'),(7,'ML021'),(7,'TN001'),(7,'TN002'),(7,'TN010'),(7,'TN012'),(7,'XH011'),(7,'XH012'),(7,'XH014'),(7,'XH023'),(7,'XH024'),(7,'XH025'),(7,'XH028'),(7,'TC001'),(7,'TC002'),(7,'TC004'),(7,'TC005'),(7,'TC006'),(7,'TC007'),(7,'TC008'),(7,'TC009'),(7,'TC010'),(7,'TC011'),(7,'TC012'),(7,'TC013'),(7,'TC016'),(7,'TC017'),(7,'TC018'),(7,'TC019'),(7,'TC020'),(7,'TC021'),(7,'TC022'),(7,'TC023'),(7,'TC024'),(7,'TC025'),(7,'TC026'),(7,'TC027'),(7,'TC028'),(7,'TC029'),(7,'TC030'),(7,'CT100'),(7,'CT101'),(7,'CT112'),(7,'CT121'),(7,'CT124'),(7,'CT126'),(7,'CT127'),(7,'CT172'),(7,'CT173'),(7,'CT174'),(7,'CT175'),(7,'CT176'),(7,'CT177'),(7,'CT178'),(7,'CT179'),(7,'CT180'),(7,'CT182'),(7,'CT188'),(7,'CT190'),(7,'CT200'),(7,'CT202'),(7,'CT205'),(7,'CT206'),(7,'CT207'),(7,'CT211'),(7,'CT212'),(7,'CT221'),(7,'CT222'),(7,'CT223'),(7,'CT224'),(7,'CT225'),(7,'CT226'),(7,'CT227'),(7,'CT228'),(7,'CT229'),(7,'CT230'),(7,'CT231'),(7,'CT232'),(7,'CT233'),(7,'CT234'),(7,'CT235'),(7,'CT237'),(7,'CT238'),(7,'CT251'),(7,'CT272'),(7,'CT273'),(7,'CT274'),(7,'CT296'),(7,'CT332'),(7,'CT335'),(7,'CT338'),(7,'CT344'),(7,'CT428'),(7,'CT439'),(7,'CT476'),(7,'CT482'),(7,'CT507'),(7,'CT555'),(7,'FL001'),(7,'FL002'),(7,'FL003'),(7,'KL001'),(7,'KN001'),(7,'KN002'),(7,'ML007'),(7,'ML014'),(7,'ML016'),(7,'ML018'),(7,'ML019'),(7,'ML021'),(7,'TN001'),(7,'TN002'),(7,'TN010'),(7,'TN012'),(7,'XH011'),(7,'XH012'),(7,'XH014'),(7,'XH023'),(7,'XH024'),(7,'XH025'),(7,'XH028'),(7,'TC001'),(7,'TC002'),(7,'TC004'),(7,'TC005'),(7,'TC006'),(7,'TC007'),(7,'TC008'),(7,'TC009'),(7,'TC010'),(7,'TC011'),(7,'TC012'),(7,'TC013'),(7,'TC016'),(7,'TC017'),(7,'TC018'),(7,'TC019'),(7,'TC020'),(7,'TC021'),(7,'TC022'),(7,'TC023'),(7,'TC024'),(7,'TC025'),(7,'TC026'),(7,'TC027'),(7,'TC028'),(7,'TC029'),(7,'TC030'),(7,'QP010'),(7,'QP011'),(7,'QP012'),(7,'QP013'),(6,'TC100');
/*!40000 ALTER TABLE `ctdt_hp` ENABLE KEYS */;
UNLOCK TABLES;

--
-- Table structure for table `diem`
--

DROP TABLE IF EXISTS `diem`;
/*!40101 SET @saved_cs_client     = @@character_set_client */;
/*!50503 SET character_set_client = utf8mb4 */;
CREATE TABLE `diem` (
  `id` bigint NOT NULL AUTO_INCREMENT,
  `diemtb` double DEFAULT NULL,
  `ma_hoc_ky` bigint DEFAULT NULL,
  `sinh_vien_ma_so` varchar(255) DEFAULT NULL,
  PRIMARY KEY (`id`)
) ENGINE=InnoDB DEFAULT CHARSET=utf8mb4 COLLATE=utf8mb4_0900_ai_ci;
/*!40101 SET character_set_client = @saved_cs_client */;

--
-- Dumping data for table `diem`
--

LOCK TABLES `diem` WRITE;
/*!40000 ALTER TABLE `diem` DISABLE KEYS */;
/*!40000 ALTER TABLE `diem` ENABLE KEYS */;
UNLOCK TABLES;

--
-- Table structure for table `giang_vien`
--

DROP TABLE IF EXISTS `giang_vien`;
/*!40101 SET @saved_cs_client     = @@character_set_client */;
/*!50503 SET character_set_client = utf8mb4 */;
CREATE TABLE `giang_vien` (
  `ma_so` varchar(255) NOT NULL,
  `ma_so_thue` bigint DEFAULT NULL,
  `so_tk` bigint DEFAULT NULL,
  `ma_khoa` bigint DEFAULT NULL,
  PRIMARY KEY (`ma_so`),
  KEY `FKqswt0bqfpejekbusavs1iy9qy` (`ma_khoa`),
  CONSTRAINT `FKqswt0bqfpejekbusavs1iy9qy` FOREIGN KEY (`ma_khoa`) REFERENCES `khoa` (`ma_khoa`)
) ENGINE=InnoDB DEFAULT CHARSET=utf8mb4 COLLATE=utf8mb4_0900_ai_ci;
/*!40101 SET character_set_client = @saved_cs_client */;

--
-- Dumping data for table `giang_vien`
--

LOCK TABLES `giang_vien` WRITE;
/*!40000 ALTER TABLE `giang_vien` DISABLE KEYS */;
INSERT INTO `giang_vien` VALUES ('C2110945',123123123,123123123,1);
/*!40000 ALTER TABLE `giang_vien` ENABLE KEYS */;
UNLOCK TABLES;

--
-- Table structure for table `hoc_ky`
--

DROP TABLE IF EXISTS `hoc_ky`;
/*!40101 SET @saved_cs_client     = @@character_set_client */;
/*!50503 SET character_set_client = utf8mb4 */;
CREATE TABLE `hoc_ky` (
  `ma_hoc_ky` bigint NOT NULL AUTO_INCREMENT,
  `ngay_bat_dau` date DEFAULT NULL,
  `ngay_ket_thuc` date DEFAULT NULL,
  `ten_hoc_ky` varchar(255) DEFAULT NULL,
  `nam_hoc_id` bigint DEFAULT NULL,
  PRIMARY KEY (`ma_hoc_ky`),
  KEY `FK1saej82m85oly0ccdor0b1txh` (`nam_hoc_id`),
  CONSTRAINT `FK1saej82m85oly0ccdor0b1txh` FOREIGN KEY (`nam_hoc_id`) REFERENCES `nam_hoc` (`id`)
) ENGINE=InnoDB AUTO_INCREMENT=28 DEFAULT CHARSET=utf8mb4 COLLATE=utf8mb4_0900_ai_ci;
/*!40101 SET character_set_client = @saved_cs_client */;

--
-- Dumping data for table `hoc_ky`
--

LOCK TABLES `hoc_ky` WRITE;
/*!40000 ALTER TABLE `hoc_ky` DISABLE KEYS */;
INSERT INTO `hoc_ky` VALUES (1,'2021-09-01','2022-01-18','Học Kỳ 1',1),(2,'2022-01-13','2022-05-31','Học Kỳ 2',1),(3,'2022-06-01','2022-08-31','Học Kỳ 3',1),(4,'2023-09-01','2023-01-18','Học Kỳ 1',2),(5,'2023-01-13','2023-05-31','Học Kỳ 2',2),(6,'2023-05-01','2023-08-31','Học Kỳ 3',2),(7,NULL,NULL,'Học Kỳ 1',3),(8,NULL,NULL,'Học Kỳ 2',3),(9,NULL,NULL,'Học Kỳ 3',3),(10,NULL,NULL,'Học Kỳ 1',4),(11,NULL,NULL,'Học Kỳ 2',4),(12,NULL,NULL,'Học Kỳ 3',4),(13,NULL,NULL,'Học Kỳ 1',5),(14,NULL,NULL,'Học Kỳ 2',5),(16,NULL,NULL,'Học Kỳ 3',5),(17,NULL,NULL,'Học Kỳ 1',6),(18,NULL,NULL,'Học Kỳ 2',6),(19,NULL,NULL,'Học Kỳ 3',6),(20,NULL,NULL,'Học Kỳ 1',7),(21,NULL,NULL,'Học Kỳ 2',7),(22,NULL,NULL,'Học Kỳ 3',7),(23,NULL,NULL,'Học Kỳ 1',8),(24,NULL,NULL,'Học Kỳ 2',8),(25,NULL,NULL,'Học Kỳ 3',8);
/*!40000 ALTER TABLE `hoc_ky` ENABLE KEYS */;
UNLOCK TABLES;

--
-- Table structure for table `hoc_ky_hien_tai`
--

DROP TABLE IF EXISTS `hoc_ky_hien_tai`;
/*!40101 SET @saved_cs_client     = @@character_set_client */;
/*!50503 SET character_set_client = utf8mb4 */;
CREATE TABLE `hoc_ky_hien_tai` (
  `ma_hoc_ky` bigint NOT NULL,
  PRIMARY KEY (`ma_hoc_ky`)
) ENGINE=InnoDB DEFAULT CHARSET=utf8mb4 COLLATE=utf8mb4_0900_ai_ci;
/*!40101 SET character_set_client = @saved_cs_client */;

--
-- Dumping data for table `hoc_ky_hien_tai`
--

LOCK TABLES `hoc_ky_hien_tai` WRITE;
/*!40000 ALTER TABLE `hoc_ky_hien_tai` DISABLE KEYS */;
INSERT INTO `hoc_ky_hien_tai` VALUES (13);
/*!40000 ALTER TABLE `hoc_ky_hien_tai` ENABLE KEYS */;
UNLOCK TABLES;

--
-- Table structure for table `hoc_phan`
--

DROP TABLE IF EXISTS `hoc_phan`;
/*!40101 SET @saved_cs_client     = @@character_set_client */;
/*!50503 SET character_set_client = utf8mb4 */;
CREATE TABLE `hoc_phan` (
  `ma_hp` varchar(255) NOT NULL,
  `hoc_phan_tien_quyet` varchar(255) DEFAULT NULL,
  `loai_hp` varchar(255) DEFAULT NULL,
  `mo_ta` varchar(255) DEFAULT NULL,
  `ten_hp` varchar(255) DEFAULT NULL,
  `tin_chi` int NOT NULL,
  PRIMARY KEY (`ma_hp`)
) ENGINE=InnoDB DEFAULT CHARSET=utf8mb4 COLLATE=utf8mb4_0900_ai_ci;
/*!40101 SET character_set_client = @saved_cs_client */;

--
-- Dumping data for table `hoc_phan`
--

LOCK TABLES `hoc_phan` WRITE;
/*!40000 ALTER TABLE `hoc_phan` DISABLE KEYS */;
INSERT INTO `hoc_phan` VALUES ('CT083','','Đại cương','','Ngôn ngữ truyền thông',2),('CT084','','Đại cương','','Cơ sở kỹ thuật đồ họa',2),('CT085','','Cơ sở ngành','','Nhập môn Truyền thông đa phương tiện',3),('CT086','','Cơ sở ngành','','Nhập môn Web Đa phương tiện',3),('CT087','','Cơ sở ngành','','Nền tảng Kỹ xảo số',3),('CT088','','Cơ sở ngành','','Nhập môn Tiếp thị kỹ thuật số',3),('CT089','CT086','Cơ sở ngành','','Nhập môn Lập trình đa phương tiện',4),('CT092','','Cơ sở ngành','','Kỹ thuật dựng phim ảnh kỹ thuật số',3),('CT093','','Cơ sở ngành','','Kỹ xảo số',3),('CT094','','Cơ sở ngành','','Quy trình sáng tạo sản phẩm đa phương tiện',3),('CT095','','Cơ sở ngành','','Dự án phim hoạt hình 3D',3),('CT096','','Cơ sở ngành','','Tiếp thị nội dung',3),('CT097','','Cơ sở ngành','','Phát triển ứng dụng Web',3),('CT098','','Chuyên ngành','','Phát triển ứng dụng IoT',3),('CT099','CT296','Chuyên ngành','','Blockchain và ứng dụng',3),('CT100','','Đại cương','','Kỹ năng học đại học',2),('CT101','','Cơ sở ngành','','Lập trình căn bản A',4),('CT112','CT178','Cơ sở ngành','','Mạng máy tính',3),('CT113','','Cơ sở ngành','','Nhập môn công nghệ phần mềm',2),('CT121','CT101','Chuyên ngành','','Tin học lý thuyết',3),('CT124','','Cơ sở ngành','','Phương pháp tính – CNTT',2),('CT126','','Chuyên ngành','','Lý thuyết xếp hàng',2),('CT127','','Chuyên ngành','','Lý thuyết thông tin',2),('CT172','','Cơ sở ngành','','Toán rời rạc',4),('CT173','','Cơ sở ngành','','Kiến trúc máy tính',3),('CT174','CT177','Cơ sở ngành','','Phân tích và thiết kế thuật toán',3),('CT175','CT177','Cơ sở ngành','','Lý thuyết đồ thị',4),('CT176','CT101','Cơ sở ngành','','Lập trình hướng đối tượng',3),('CT177','','Cơ sở ngành','','Cấu trúc dữ liệu',3),('CT178','CT173','Cơ sở ngành','','Nguyên lý hệ điều hành',3),('CT179','','Cơ sở ngành','','Quản trị hệ thống',3),('CT180','CT177','Cơ sở ngành','','Cơ sở dữ liệu',3),('CT182','','Cơ sở ngành','','Ngôn ngữ mô hình hoá',3),('CT188','','Cơ sở ngành','','Nhập môn lập trình web',3),('CT189','','Chuyên ngành','','Nhập môn mô phỏng',3),('CT190','','Cơ sở ngành','','Nhập môn trí tuệ nhân tạo',2),('CT193','','Cơ sở ngành','','Kỹ thuật quay phim chụp hình và xử lý hậu kỳ',3),('CT194','','Cơ sở ngành','','Biên tập Audio Video',2),('CT196','','Cơ sở ngành','','Dựng hình 2D/3D',3),('CT197','CT177','Chuyên ngành','','Cơ sở lý thuyết mật mã',3),('CT198','','Chuyên ngành','','Anh văn chuyên ngành CNTT',3),('CT199','','Chuyên ngành','','Quy hoạch tuyến tính',3),('CT200','','Đại cương','','Nền tảng công nghệ thông tin',4),('CT201E','CT174,CT176','Cơ sở ngành','','Niên luận cơ sở ngành KHMT',3),('CT202','','Chuyên ngành','','Nguyên lý máy học',3),('CT203','CT176','Chuyên ngành','','Đồ họa máy tính',3),('CT204','','Chuyên ngành','','An toàn và bảo mật thông tin',3),('CT205','CT180','Chuyên ngành','','Quản trị cơ sở dữ liệu',3),('CT206','CT180,CT176','Chuyên ngành','','Phát triển ứng dụng trên Linux',3),('CT207','','Chuyên ngành','','Phát triển phần mềm mã nguồn mở',3),('CT208E','CT176,CT201','Chuyên ngành','','Niên luận ngành Khoa học máy tính',3),('CT209','CT203','Chuyên ngành','','Đồ họa nâng cao',3),('CT210','','Chuyên ngành','','Thị giác máy tính',3),('CT211','CT112','Chuyên ngành','','An ninh mạng',3),('CT212','CT112','Chuyên ngành','','Quản trị mạng',3),('CT216','CT332','Chuyên ngành','','Hệ cơ sở tri thức',3),('CT217','','Chuyên ngành','','Phân tích dữ liệu trực quan',3),('CT219','','Chuyên ngành','','Xử lý ngôn ngữ tự nhiên',3),('CT220','CT203','Chuyên ngành','','Hoạt hình trên máy tính',3),('CT221','CT112,CT176','Chuyên ngành','','Lập trình mạng',3),('CT222','','Chuyên ngành','','An toàn hệ thống',3),('CT223','CT171','Chuyên ngành','','Quản lý dự án phần mềm',3),('CT224','CT176','Chuyên ngành','','Công nghệ J2EE',2),('CT225','CT176','Chuyên ngành','','Lập trình Python',2),('CT226','','Chuyên ngành','','Niên luận cơ sở mạng máy tính và truyền thông',3),('CT227','','Chuyên ngành','','Kỹ thuật phát hiện tấn công mạng',3),('CT228','','Chuyên ngành','','Tường lửa',3),('CT229','','Chuyên ngành','','Bảo mật website',2),('CT230','CT428','Chuyên ngành','','Phát triển ứng dụng hướng dịch vụ',3),('CT231','','Chuyên ngành','','Lập trình song song',3),('CT232','CT112','Chuyên ngành','','Đánh giá hiệu năng mạng',3),('CT233','','Chuyên ngành','','Điện toán đám mây',3),('CT234','','Chuyên ngành','','Phát triển phần mềm nhúng',3),('CT235','CT112','Chuyên ngành','','Quản trị mạng trên MS Windows',3),('CT237','CT180','Chuyên ngành','','Nguyên lý hệ quản trị cơ sở dữ liệu',3),('CT238','','Chuyên ngành','','Phân lớp dữ liệu lớn',3),('CT239','CT174','Chuyên ngành','','Niên luận cơ sở ngành KTPM',3),('CT240','CT113,CT176,CT182','Cơ sở ngành','','Nguyên lý xây dựng phần mềm',3),('CT241','CT113, CT182','Cơ sở ngành','','Phân tích yêu cầu phần mềm',3),('CT242','CT113','Cơ sở ngành','','Kiến trúc và Thiết kế phần mềm',3),('CT243','CT113','Chuyên ngành','','Đảm bảo chất lượng và Kiểm thử phần mềm',4),('CT244','CT113','Chuyên ngành','','Bảo trì phần mềm',3),('CT246','CT176','Chuyên ngành','','Lập trình .NET',3),('CT250','CT241,CT242,CT243,CT223','Chuyên ngành','','Niên luận ngành Kỹ thuật phần mềm',3),('CT251','CT180,CT176','Chuyên ngành','','Phát triển ứng dụng trên Windows',3),('CT252','CT180','Cơ sở ngành','','Niên luận cơ sở ngành HTTT',3),('CT254','CT296','Chuyên ngành','','Bảo mật, an toàn HTTT',3),('CT255','CT296','Chuyên ngành','','Nghiệp vụ thông minh (Business Intelligence)',3),('CT258','CT296','Chuyên ngành','','Phát triển hệ thống thương mại điện tử',3),('CT262','CT296','Chuyên ngành','','Phát triển hệ thống thông tin quản lý',3),('CT263E','CT296,CT430,CT291','Chuyên ngành','','Niên luận ngành HTTT',3),('CT265','CT180','Chuyên ngành','','Hệ CSDL đa phương tiện',3),('CT271','','Chuyên ngành','','Niên luận cơ sở - CNTT',3),('CT272','','Chuyên ngành','','Thương mại điện tử - CNTT',3),('CT273','','Chuyên ngành','','Giao diện người – máy',3),('CT274','CT176','Chuyên ngành','','Lập trình cho thiết bị di động',3),('CT275','CT180','Chuyên ngành','','Công nghệ Web',3),('CT276','CT176','Chuyên ngành','','Lập trình Java',3),('CT279','','Chuyên ngành','','Blockchain',3),('CT280','CT180','Chuyên ngành','','CSDL NoSQL',3),('CT281','CT180','Chuyên ngành','','Cơ sở dữ liệu phân tán',3),('CT282','CT294','Chuyên ngành','','Học sâu (Deep Learning)',3),('CT283','','Chuyên ngành','','Hệ thống chịu lỗi',3),('CT284','','Chuyên ngành','','Hệ thống hỏi đáp',3),('CT285','CT296','Chuyên ngành','','Hệ thống quản lý sản xuất',3),('CT286','CT180','Chuyên ngành','','Kho dữ liệu và OLAP',3),('CT287','CT241','Chuyên ngành','','Kiểm chứng mô hình',3),('CT288','','Chuyên ngành','','Kiến trúc phần mềm theo mô hình Client-Server',3),('CT290','','Chuyên ngành','','Lập trình trò chơi',3),('CT291','CT180','Cơ sở ngành','','Lập trình ứng dụng',3),('CT292','','Chuyên ngành','','Lý thuyết thông tin',3),('CT293','CT112','Cơ sở ngành','','Mạng và truyền thông dữ liệu',3),('CT294','','Chuyên ngành','','Máy học ứng dụng',3),('CT295','','Chuyên ngành','','Nền tảng phần mềm nhúng và IoT',3),('CT296','','Cơ sở ngành','','Phân tích và thiết kế hệ thống',3),('CT297','','Chuyên ngành','','Pháp y máy tính (CNTT)',3),('CT298E','CT296','Chuyên ngành','','Phát triển hệ thống thông tin địa lý',3),('CT299','CT180,CT188','Cơ sở ngành','','Phát triển hệ thống web',3),('CT300','CT176','Chuyên ngành','','Phát triển phần mềm',3),('CT312','','Chuyên ngành','','Khai khoáng dữ liệu',3),('CT316','CT176','Cơ sở ngành','','Xử lý ảnh',3),('CT332','','Chuyên ngành','','Trí tuệ nhân tạo',3),('CT335','CT112','Cơ sở ngành','','Thiết kế và cài đặt mạng',3),('CT338','CT112','Chuyên ngành','','Mạng không dây và di động',2),('CT344','CT335','Chuyên ngành','','Giải quyết sự cố mạng',2),('CT428','CT180,CT176','Chuyên ngành','','Lập trình Web',3),('CT430','CT182','Cơ sở ngành','','Phân tích hệ thống hướng đối tượng',3),('CT4339','','','','Niên luận Mạng máy tính và truyền thông	',3),('CT439','','Chuyên ngành','','Niên luận mạng máy tính và truyền thông',3),('CT446','','Chuyên ngành','','Ngôn ngữ lập trình mô phỏng',3),('CT449','','Chuyên ngành','','Phát triển ứng dụng Web',3),('CT457','','Chuyên ngành','','Phát triển phần mềm nhúng và IoT',3),('CT460','CT176','Chuyên ngành','','Quản lý quy trình nghiệp vụ',3),('CT466','','Chuyên ngành','','Niên luận - CNTT',3),('CT467','CT180','Chuyên ngành','','Quản trị dữ liệu',3),('CT471',NULL,'Đại cương','','Thực Tập Thực Tế',2),('CT476','CT428,CT296,CT112','Chuyên ngành','','Thực tập thực tế - TT&MMT',3),('CT478','','Chuyên ngành','','Trung tâm dữ liệu',3),('CT479','','Chuyên ngành','','Phương pháp tính',3),('CT482','CT176','Chuyên ngành','','Xử lý dữ liệu lớn',3),('CT483','CT176','Chuyên ngành','','Chuyên đề lập trình trên di động',3),('CT484','','Chuyên ngành','','Phát triển ứng dụng di động',3),('CT485','CT112','Chuyên ngành','','Các kỹ thuật tấn công mạng',3),('CT486','CT112','Chuyên ngành','','Phát hiện và phân tích mã độc',3),('CT487','CT190','Chuyên ngành','','Học sâu cho công nghệ phần mềm',3),('CT488','CT112','Chuyên ngành','','Bảo mật hệ thống IoT',2),('CT489','','Chuyên ngành','','Luật an ninh mạng và đạo đức trong lĩnh vực CNTT',2),('CT490','CT428','Chuyên ngành','','An ninh Web',3),('CT491E','','Chuyên ngành','','Niên luận cơ sở an toàn thông tin',3),('CT493E','CT211,CT296,CT335,CT490','Chuyên ngành','','Thực tập doanh nghiệp - An toàn thông tin',5),('CT495','','Cơ sở ngành','','Dựng phim hoạt hình',3),('CT496','','Cơ sở ngành','','Kịch bản truyền hình ',3),('CT499','','Cơ sở ngành','','Thiết kế UI/UX',3),('CT501E','','Chuyên ngành','','Tiểu luận tốt nghiệp – CNTT',6),('CT503E','CT296,CT430','Chuyên ngành','','Tiểu luận tốt nghiệp - HTTT',6),('CT504E','125TC','Chuyên ngành','','Tiểu luận tốt nghiệp - KHMT',6),('CT505E','','Chuyên ngành','','Tiểu luận tốt nghiệp - KTPM',6),('CT507','','Chuyên ngành','','Tiểu luận tốt nghiệp - TT&MMT',6),('CT509','','Cơ sở ngành','','Truyền thông trên Internet',3),('CT511E','CT296,CT430','Chuyên ngành','','Thực tập doanh nghiệp - HTTT',5),('CT512','CT112','Chuyên ngành','','Điện toán đám mây và IoT',3),('CT513','CT296','Chuyên ngành','','Web ngữ nghĩa và ứng dụng',3),('CT514','CT180','Chuyên ngành','','Dữ liệu lớn và Chuyển đổi số',3),('CT515','CT190','Chuyên ngành','','Quản trị tri thức',3),('CT516','','Chuyên ngành','','Thực tập doanh nghiệp - KHMT',5),('CT518','','Chuyên ngành','','Thực tập doanh nghiệp - CNTT',5),('CT520','','Chuyên ngành','','Tiểu luận tốt nghiệp – An toàn thông tin',6),('CT522','','Chuyên ngành','','Nền tảng về internet vạn vật',3),('CT523','','Cơ sở ngành','','Phát triển ứng dụng Web đa dụng',3),('CT550','','Chuyên ngành','','Luận văn tốt nghiệp – CNTT',15),('CT551','CT296,CT430','Chuyên ngành','','Luận văn tốt nghiệp – HTTT',15),('CT553','','Chuyên ngành','','Luận văn tốt nghiệp - KTPM',15),('CT555','','Chuyên ngành','','Luận văn tốt nghiệp - TT&MMT',15),('FL001','','Đại cương','','Pháp văn căn bản 1',4),('FL002','FL001','Đại cương','','Pháp văn căn bản 2',3),('FL003','FL002','Đại cương','','Pháp văn căn bản 3',3),('FL007','FL003','Đại cương','','Pháp văn tăng cường 1',4),('FL008','FL007','Đại cương','','Pháp văn tăng cường 2',3),('FL009','FL008','Đại cương','','Pháp văn tăng cường 3',3),('KL001','','Đại cương','','Pháp luật đại cương',2),('KL100','TC100','Đại cương','','Pháp luật và đạo đức báo chí truyền thông',2),('KN001','','Đại cương','','Kỹ năng mềm',2),('KN002','','Đại cương','','Đổi mới sáng tạo và khởi nghiệp',2),('ML007','','Chính trị, Đại cương','','Logic học đại cương',2),('ML014','','Chính trị, Đại cương','','Triết học Mác - Lênin',3),('ML016','ML014','Chính trị, Đại cương','','Kinh tế chính trị Mác - Lênin',2),('ML018','ML016','Chính trị, Đại cương','','Chủ nghĩa xã hội khoa học',2),('ML019','ML018','Chính trị, Đại cương','','Lịch sử Đảng Cộng sản Việt Nam',2),('ML021','ML019','Chính trị, Đại cương','','Tư tưởng Hồ Chí Minh',2),('QP010','','Quốc phòng','','Giáo dục quốc phòng và An ninh 1',2),('QP011','','Quốc phòng','','Giáo dục quốc phòng và An ninh 2',2),('QP012','','Quốc phòng','','Giáo dục quốc phòng và An ninh 3',2),('QP013','','Quốc phòng','','Giáo dục quốc phòng và An ninh 4',2),('TC001','','Thể chất','','Điền Kinh 1',1),('TC002','','Thể chất',NULL,'Điền Kinh 2',1),('TC004','','Thể chất',NULL,'Taekwondo 2',1),('TC005','','Thể chất',NULL,'Bóng Chuyền 1',1),('TC006','','Thể chất',NULL,'Bóng Chuyền 2',1),('TC007','','Thể chất',NULL,'Bóng Đá 1',1),('TC008','','Thể chất',NULL,'Bóng Đá 2',1),('TC009','','Thể chất',NULL,'Bóng Bàn 1',1),('TC010','TC009','Thể chất','','Bóng bàn 2',1),('TC011','','Thể chất','','Cầu lông 1',1),('TC012','TC011','Thể chất','','Cầu lông 2',1),('TC013','','Thể chất','','Bơi lội',1),('TC016','','Thể chất','','Thể dục nhịp điệu 1',1),('TC017','TC016','Thể chất','','Thể dục nhịp điệu 2',1),('TC018','TC017','Thể chất','','Thể dục nhịp điệu 3',1),('TC019','','Thể chất',NULL,'Taekwondo 3',1),('TC020','','Thể chất',NULL,'Bóng Chuyền 3',1),('TC021','','Thể chất',NULL,'Bóng Đá 3',1),('TC022','TC010','Thể chất','','Bóng bàn 3',1),('TC023','TC012','Thể chất','','Cầu lông 3',1),('TC024','','Thể chất',NULL,'Điền Kinh 3',1),('TC025','','Thể chất','','Cờ vua 1 ',1),('TC026','TC025','Thể chất','','Cờ vua 2',1),('TC027','TC026','Thể chất','','Cờ vua 3',1),('TC028','','Thể chất','','Bóng rổ 1',1),('TC029','TC028','Thể chất','','Bóng rổ 2',1),('TC030','TC029','Thể chất','','Bóng rổ 3',1),('TC100',NULL,'Thể chất',NULL,'Nhóm HP Thể chất',3),('TN001','','Đại cương','','Vi - Tích phân A1',3),('TN002','TN001','Đại cương','','Vi - Tích phân A2',4),('TN010','','Đại cương','','Xác suất thống kê',3),('TN012','','Đại cương','','Đại số tuyến tính và hình học',4),('XH011','','Đại cương','','Cơ sở văn hóa Việt Nam',2),('XH012','','Đại cương','','Tiếng Việt thực hành',2),('XH014','','Đại cương','','Văn bản và lưu trữ học đại cương',2),('XH016','','Đại cương','','Mỹ học đại cương',2),('XH023','','Anh văn căn bản','','Anh văn căn bản 1',4),('XH024','XH023','Anh văn căn bản','','Anh văn căn bản 2',3),('XH025','XH024','Anh văn căn bản','','Anh văn căn bản 3',3),('XH028','','Đại cương','','Xã hội học đại cương',2),('XH031','XH025','Đại cương','','Anh văn tăng cường 1',4),('XH032','XH031','Đại cương','','Anh văn tăng cường 2',3),('XH033','XH032','Đại cương','','Anh văn tăng cường 3',3),('XH446','','Cơ sở ngành','','Tổ chức sự kiện',3),('XH447','','Đại cương','','Quan hệ công chúng',2);
/*!40000 ALTER TABLE `hoc_phan` ENABLE KEYS */;
UNLOCK TABLES;

--
-- Table structure for table `hoc_phan_tu_chon`
--

DROP TABLE IF EXISTS `hoc_phan_tu_chon`;
/*!40101 SET @saved_cs_client     = @@character_set_client */;
/*!50503 SET character_set_client = utf8mb4 */;
CREATE TABLE `hoc_phan_tu_chon` (
  `id` bigint NOT NULL AUTO_INCREMENT,
  `ten_nhom` varchar(255) DEFAULT NULL,
  `tin_chi_yeu_cau` bigint DEFAULT NULL,
  `chuong_trinh_dao_tao_id` bigint DEFAULT NULL,
  PRIMARY KEY (`id`),
  KEY `FKqkqbam0x3bdsdnep4btdvdk2` (`chuong_trinh_dao_tao_id`),
  CONSTRAINT `FKqkqbam0x3bdsdnep4btdvdk2` FOREIGN KEY (`chuong_trinh_dao_tao_id`) REFERENCES `chuong_trinh_dao_tao` (`id`)
) ENGINE=InnoDB AUTO_INCREMENT=9 DEFAULT CHARSET=utf8mb4 COLLATE=utf8mb4_0900_ai_ci;
/*!40101 SET character_set_client = @saved_cs_client */;

--
-- Dumping data for table `hoc_phan_tu_chon`
--

LOCK TABLES `hoc_phan_tu_chon` WRITE;
/*!40000 ALTER TABLE `hoc_phan_tu_chon` DISABLE KEYS */;
INSERT INTO `hoc_phan_tu_chon` VALUES (1,'Nhóm Cơ Sở Ngành',6,6),(2,'Nhóm Chuyên Ngành - CN1',9,6),(3,'Nhóm Chuyên Ngành - CN2',6,6),(4,'Nhóm Thể Chất',3,6),(5,'Nhóm Chuyên Ngành - CN1',6,1),(6,'Nhóm Chuyên Ngành - CN2',6,1),(7,'Nhóm Chuyên Ngành - CN3',6,1),(8,'Nhóm Đại Cương',2,6);
/*!40000 ALTER TABLE `hoc_phan_tu_chon` ENABLE KEYS */;
UNLOCK TABLES;

--
-- Table structure for table `hoc_phan_tu_chon_hoc_phan`
--

DROP TABLE IF EXISTS `hoc_phan_tu_chon_hoc_phan`;
/*!40101 SET @saved_cs_client     = @@character_set_client */;
/*!50503 SET character_set_client = utf8mb4 */;
CREATE TABLE `hoc_phan_tu_chon_hoc_phan` (
  `id_nhom` bigint NOT NULL,
  `ma_hoc_phan` varchar(255) NOT NULL,
  KEY `FKdiiy117r1g7gdtt0d19pq8sl7` (`ma_hoc_phan`),
  KEY `FKrn0g1fspj2997itb0bsvxuger` (`id_nhom`),
  CONSTRAINT `FKdiiy117r1g7gdtt0d19pq8sl7` FOREIGN KEY (`ma_hoc_phan`) REFERENCES `hoc_phan` (`ma_hp`),
  CONSTRAINT `FKrn0g1fspj2997itb0bsvxuger` FOREIGN KEY (`id_nhom`) REFERENCES `hoc_phan_tu_chon` (`id`)
) ENGINE=InnoDB DEFAULT CHARSET=utf8mb4 COLLATE=utf8mb4_0900_ai_ci;
/*!40101 SET character_set_client = @saved_cs_client */;

--
-- Dumping data for table `hoc_phan_tu_chon_hoc_phan`
--

LOCK TABLES `hoc_phan_tu_chon_hoc_phan` WRITE;
/*!40000 ALTER TABLE `hoc_phan_tu_chon_hoc_phan` DISABLE KEYS */;
INSERT INTO `hoc_phan_tu_chon_hoc_phan` VALUES (1,'CT126'),(1,'CT127'),(1,'CT479'),(1,'CT224'),(1,'CT274'),(2,'CT228'),(2,'CT229'),(2,'CT222'),(2,'CT344'),(2,'CT232'),(3,'CT207'),(3,'CT231'),(3,'CT230'),(3,'CT233'),(3,'CT482'),(1,'CT121'),(1,'CT225'),(4,'TC001'),(4,'TC002'),(4,'TC004'),(4,'TC005'),(4,'TC006'),(4,'TC007'),(4,'TC008'),(4,'TC009'),(4,'TC010'),(4,'TC011'),(4,'TC012'),(4,'TC013'),(4,'TC016'),(4,'TC017'),(4,'TC018'),(4,'TC019'),(4,'TC020'),(4,'TC021'),(4,'TC022'),(4,'TC023'),(4,'TC024'),(4,'TC025'),(4,'TC026'),(4,'TC027'),(4,'TC028'),(4,'TC029'),(4,'TC030'),(5,'CT211'),(5,'CT297'),(6,'CT449'),(6,'CT484'),(7,'CT522'),(7,'CT279'),(2,'CT212'),(8,'ML007'),(8,'XH028'),(8,'XH011'),(8,'XH012'),(8,'XH014'),(8,'KN001'),(8,'KN002');
/*!40000 ALTER TABLE `hoc_phan_tu_chon_hoc_phan` ENABLE KEYS */;
UNLOCK TABLES;

--
-- Table structure for table `invalidated_token`
--

DROP TABLE IF EXISTS `invalidated_token`;
/*!40101 SET @saved_cs_client     = @@character_set_client */;
/*!50503 SET character_set_client = utf8mb4 */;
CREATE TABLE `invalidated_token` (
  `id` varchar(255) NOT NULL,
  `expiry_date` datetime(6) DEFAULT NULL,
  PRIMARY KEY (`id`)
) ENGINE=InnoDB DEFAULT CHARSET=utf8mb4 COLLATE=utf8mb4_0900_ai_ci;
/*!40101 SET character_set_client = @saved_cs_client */;

--
-- Dumping data for table `invalidated_token`
--

LOCK TABLES `invalidated_token` WRITE;
/*!40000 ALTER TABLE `invalidated_token` DISABLE KEYS */;
/*!40000 ALTER TABLE `invalidated_token` ENABLE KEYS */;
UNLOCK TABLES;

--
-- Table structure for table `ke_hoach_hoc_tap`
--

DROP TABLE IF EXISTS `ke_hoach_hoc_tap`;
/*!40101 SET @saved_cs_client     = @@character_set_client */;
/*!50503 SET character_set_client = utf8mb4 */;
CREATE TABLE `ke_hoach_hoc_tap` (
  `id` bigint NOT NULL AUTO_INCREMENT,
  `hoc_phan_cai_thien` bit(1) NOT NULL,
  `ma_hoc_ky` bigint DEFAULT NULL,
  `ma_hoc_phan` varchar(255) DEFAULT NULL,
  `ma_so` varchar(255) DEFAULT NULL,
  PRIMARY KEY (`id`)
) ENGINE=InnoDB AUTO_INCREMENT=2132 DEFAULT CHARSET=utf8mb4 COLLATE=utf8mb4_0900_ai_ci;
/*!40101 SET character_set_client = @saved_cs_client */;

--
-- Dumping data for table `ke_hoach_hoc_tap`
--

LOCK TABLES `ke_hoach_hoc_tap` WRITE;
/*!40000 ALTER TABLE `ke_hoach_hoc_tap` DISABLE KEYS */;
INSERT INTO `ke_hoach_hoc_tap` VALUES (1,_binary '\0',1,'QP011','B2410945'),(2,_binary '\0',1,'QP012','B2410945'),(3,_binary '\0',1,'QP013','B2410945'),(5,_binary '\0',1,'CT100','B2410945'),(9,_binary '\0',1,'TN010','B2410945'),(19,_binary '\0',1,'QP010','B2448743'),(20,_binary '\0',1,'QP011','B2448743'),(21,_binary '\0',1,'QP012','B2448743'),(22,_binary '\0',1,'QP013','B2448743'),(23,_binary '\0',1,'CT100','B2448743'),(24,_binary '\0',1,'TN010','B2448743'),(25,_binary '\0',2,'CT101','B2448743'),(26,_binary '\0',2,'CT200','B2448743'),(27,_binary '\0',2,'ML007','B2448743'),(28,_binary '\0',2,'ML014','B2448743'),(29,_binary '\0',2,'TN001','B2448743'),(30,_binary '\0',2,'XH023','B2448743'),(31,_binary '\0',4,'CT172','B2448743'),(32,_binary '\0',4,'CT173','B2448743'),(33,_binary '\0',4,'ML016','B2448743'),(34,_binary '\0',4,'TN002','B2448743'),(35,_binary '\0',4,'XH024','B2448743'),(44,_binary '\0',4,'ML018','B2448743'),(45,_binary '\0',4,'TN012','B2448743'),(46,_binary '\0',4,'XH025','B2448743'),(47,_binary '\0',5,'CT177','B2448743'),(48,_binary '\0',5,'CT178','B2448743'),(49,_binary '\0',5,'KL001','B2448743'),(50,_binary '\0',4,'TC005','B2448743'),(51,_binary '\0',5,'TC006','B2448743'),(52,_binary '\0',7,'TC020','B2448743'),(53,_binary '\0',7,'CT112','B2448743'),(54,_binary '\0',7,'CT174','B2448743'),(55,_binary '\0',7,'CT175','B2448743'),(56,_binary '\0',7,'CT176','B2448743'),(57,_binary '\0',7,'CT180','B2448743'),(58,_binary '\0',7,'ML019','B2448743'),(59,_binary '\0',8,'CT179','B2448743'),(60,_binary '\0',8,'CT182','B2448743'),(61,_binary '\0',8,'CT188','B2448743'),(62,_binary '\0',8,'CT190','B2448743'),(63,_binary '\0',8,'CT273','B2448743'),(64,_binary '\0',8,'CT296','B2448743'),(65,_binary '\0',8,'ML021','B2448743'),(66,_binary '\0',10,'CT271','B2448743'),(67,_binary '\0',10,'CT275','B2448743'),(68,_binary '\0',10,'CT293','B2448743'),(69,_binary '\0',10,'CT294','B2448743'),(70,_binary '\0',10,'CT300','B2448743'),(71,_binary '\0',10,'CT467','B2448743'),(72,_binary '\0',11,'CT522','B2448743'),(73,_binary '\0',11,'CT279','B2448743'),(74,_binary '\0',10,'CT466','B2448743'),(75,_binary '\0',12,'CT471','B2448743'),(76,_binary '\0',13,'CT550','B2448743'),(86,_binary '\0',2,'CT101','B2410945'),(87,_binary '\0',2,'CT172','B2410945'),(88,_binary '\0',2,'CT200','B2410945'),(90,_binary '\0',2,'ML014','B2410945'),(92,_binary '\0',2,'XH011','B2410945'),(93,_binary '\0',4,'CT173','B2410945'),(94,_binary '\0',4,'ML016','B2410945'),(95,_binary '\0',4,'TN001','B2410945'),(96,_binary '\0',4,'TN012','B2410945'),(97,_binary '\0',4,'XH024','B2410945'),(98,_binary '\0',5,'CT177','B2410945'),(99,_binary '\0',5,'CT178','B2410945'),(100,_binary '\0',5,'KL001','B2410945'),(101,_binary '\0',5,'ML019','B2410945'),(102,_binary '\0',5,'TN002','B2410945'),(103,_binary '\0',5,'XH025','B2410945'),(104,_binary '\0',7,'CT112','B2410945'),(105,_binary '\0',7,'CT174','B2410945'),(106,_binary '\0',7,'CT175','B2410945'),(107,_binary '\0',7,'CT176','B2410945'),(108,_binary '\0',7,'CT180','B2410945'),(109,_binary '\0',7,'ML021','B2410945'),(110,_binary '\0',8,'CT179','B2410945'),(111,_binary '\0',8,'CT182','B2410945'),(112,_binary '\0',8,'CT188','B2410945'),(113,_binary '\0',8,'CT190','B2410945'),(114,_binary '\0',8,'CT296','B2410945'),(115,_binary '\0',8,'CT335','B2410945'),(116,_binary '\0',10,'CT224','B2410945'),(117,_binary '\0',10,'CT225','B2410945'),(118,_binary '\0',10,'CT211','B2410945'),(119,_binary '\0',10,'CT221','B2410945'),(120,_binary '\0',10,'CT127','B2410945'),(121,_binary '\0',10,'CT428','B2410945'),(122,_binary '\0',10,'CT226','B2410945'),(123,_binary '\0',11,'CT222','B2410945'),(124,_binary '\0',11,'CT212','B2410945'),(125,_binary '\0',11,'CT232','B2410945'),(126,_binary '\0',11,'CT439','B2410945'),(127,_binary '\0',12,'CT476','B2410945'),(128,_binary '\0',13,'CT555','B2410945'),(129,_binary '\0',4,'TC028','B2410945'),(130,_binary '\0',5,'TC030','B2410945'),(131,_binary '\0',7,'TC029','B2410945'),(133,_binary '\0',1,'QP011','B2462027'),(134,_binary '\0',1,'QP012','B2462027'),(135,_binary '\0',1,'QP013','B2462027'),(136,_binary '\0',1,'CT100','B2462027'),(137,_binary '\0',1,'TN010','B2462027'),(138,_binary '\0',2,'CT101','B2462027'),(139,_binary '\0',2,'CT172','B2462027'),(140,_binary '\0',2,'CT200','B2462027'),(141,_binary '\0',2,'ML014','B2462027'),(142,_binary '\0',2,'XH023','B2462027'),(143,_binary '\0',2,'XH011','B2462027'),(144,_binary '\0',4,'CT173','B2462027'),(145,_binary '\0',4,'ML016','B2462027'),(146,_binary '\0',4,'TN001','B2462027'),(147,_binary '\0',4,'TN012','B2462027'),(148,_binary '\0',4,'XH024','B2462027'),(149,_binary '\0',5,'CT177','B2462027'),(150,_binary '\0',5,'CT178','B2462027'),(151,_binary '\0',5,'KL001','B2462027'),(152,_binary '\0',5,'ML019','B2462027'),(153,_binary '\0',5,'TN002','B2462027'),(154,_binary '\0',5,'XH025','B2462027'),(155,_binary '\0',7,'CT112','B2462027'),(156,_binary '\0',7,'CT174','B2462027'),(157,_binary '\0',7,'CT175','B2462027'),(158,_binary '\0',7,'CT176','B2462027'),(159,_binary '\0',7,'CT180','B2462027'),(160,_binary '\0',7,'ML021','B2462027'),(161,_binary '\0',8,'CT179','B2462027'),(162,_binary '\0',8,'CT182','B2462027'),(163,_binary '\0',8,'CT188','B2462027'),(164,_binary '\0',8,'CT190','B2462027'),(165,_binary '\0',8,'CT296','B2462027'),(166,_binary '\0',8,'CT335','B2462027'),(167,_binary '\0',10,'CT224','B2462027'),(168,_binary '\0',10,'CT225','B2462027'),(169,_binary '\0',10,'CT211','B2462027'),(170,_binary '\0',10,'CT221','B2462027'),(171,_binary '\0',10,'CT127','B2462027'),(172,_binary '\0',10,'CT428','B2462027'),(173,_binary '\0',10,'CT226','B2462027'),(174,_binary '\0',11,'CT222','B2462027'),(175,_binary '\0',11,'CT212','B2462027'),(176,_binary '\0',11,'CT232','B2462027'),(177,_binary '\0',11,'CT439','B2462027'),(178,_binary '\0',12,'CT476','B2462027'),(179,_binary '\0',13,'CT555','B2462027'),(180,_binary '\0',4,'TC028','B2462027'),(181,_binary '\0',5,'TC030','B2462027'),(182,_binary '\0',7,'TC029','B2462027'),(183,_binary '\0',1,'QP010','B2462027'),(184,_binary '\0',2,'CT172','B2439130'),(185,_binary '\0',4,'CT173','B2439130'),(186,_binary '\0',4,'ML019','B2410001'),(187,_binary '\0',2,'CT212','B2410001'),(188,_binary '\0',2,'CT222','B2410001'),(189,_binary '\0',4,'CT293','B2410001'),(190,_binary '\0',2,'CT275','B2410001'),(191,_binary '\0',3,'QP012','B2410001'),(192,_binary '\0',2,'CT177','B2410001'),(193,_binary '\0',4,'CT179','B2410001'),(194,_binary '\0',4,'CT439','B2410001'),(195,_binary '\0',5,'CT173','B2410001'),(196,_binary '\0',4,'CT190','B2410002'),(197,_binary '\0',5,'KN002','B2410002'),(198,_binary '\0',1,'CT182','B2410002'),(199,_binary '\0',3,'CT221','B2410002'),(200,_binary '\0',3,'TN001','B2410002'),(201,_binary '\0',1,'CT100','B2410002'),(202,_binary '\0',5,'CT178','B2410002'),(203,_binary '\0',5,'KN002','B2410003'),(204,_binary '\0',5,'CT211','B2410003'),(205,_binary '\0',3,'TN010','B2410003'),(206,_binary '\0',4,'CT179','B2410003'),(207,_binary '\0',3,'CT467','B2410003'),(208,_binary '\0',1,'XH025','B2410003'),(209,_binary '\0',2,'CT271','B2410004'),(210,_binary '\0',1,'CT522','B2410004'),(211,_binary '\0',2,'CT471','B2410004'),(212,_binary '\0',4,'CT439','B2410004'),(213,_binary '\0',5,'CT476','B2410004'),(214,_binary '\0',4,'ML019','B2410004'),(215,_binary '\0',1,'CT112','B2410004'),(216,_binary '\0',4,'XH011','B2410004'),(217,_binary '\0',1,'CT112','B2410005'),(218,_binary '\0',3,'CT467','B2410005'),(219,_binary '\0',1,'TC028','B2410005'),(220,_binary '\0',3,'TN001','B2410005'),(221,_binary '\0',1,'CT273','B2410005'),(222,_binary '\0',1,'TC030','B2410005'),(223,_binary '\0',5,'ML007','B2410005'),(224,_binary '\0',1,'TC005','B2410005'),(225,_binary '\0',5,'TN002','B2410006'),(226,_binary '\0',4,'HP4723','B2410006'),(227,_binary '\0',3,'HP1611','B2410006'),(228,_binary '\0',2,'HP6762','B2410006'),(229,_binary '\0',4,'HP9039','B2410006'),(230,_binary '\0',2,'HP8183','B2410006'),(231,_binary '\0',5,'HP4110','B2410006'),(232,_binary '\0',2,'CT222','B2410007'),(233,_binary '\0',5,'CT173','B2410007'),(234,_binary '\0',4,'CT293','B2410007'),(235,_binary '\0',4,'CT555','B2410007'),(236,_binary '\0',1,'ML014','B2410007'),(237,_binary '\0',3,'CT221','B2410007'),(238,_binary '\0',5,'XH028','B2410007'),(239,_binary '\0',3,'CT225','B2410007'),(240,_binary '\0',5,'CT226','B2410007'),(241,_binary '\0',3,'CT466','B2410007'),(242,_binary '\0',5,'KN002','B2410007'),(243,_binary '\0',1,'TC030','B2410007'),(244,_binary '\0',1,'CT182','B2410007'),(245,_binary '\0',3,'CT175','B2410007'),(246,_binary '\0',1,'CT522','B2410007'),(247,_binary '\0',4,'CT180','B2410007'),(248,_binary '\0',5,'TN002','B2410007'),(249,_binary '\0',4,'CT172','B2410007'),(250,_binary '\0',5,'TC006','B2410007'),(251,_binary '\0',4,'CT174','B2410007'),(252,_binary '\0',4,'QP011','B2410007'),(253,_binary '\0',3,'TN001','B2410007'),(254,_binary '\0',2,'XH024','B2410007'),(255,_binary '\0',2,'CT275','B2410007'),(256,_binary '\0',2,'QP013','B2410008'),(257,_binary '\0',1,'CT273','B2410008'),(258,_binary '\0',3,'CT466','B2410008'),(259,_binary '\0',3,'CT467','B2410008'),(260,_binary '\0',1,'TC028','B2410008'),(261,_binary '\0',2,'CT222','B2410008'),(262,_binary '\0',3,'CT225','B2410008'),(263,_binary '\0',4,'CT428','B2410008'),(264,_binary '\0',1,'CT296','B2410008'),(265,_binary '\0',5,'CT211','B2410008'),(266,_binary '\0',4,'CT172','B2410008'),(267,_binary '\0',3,'TN010','B2410008'),(268,_binary '\0',3,'TC020','B2410008'),(269,_binary '\0',4,'CT174','B2410008'),(270,_binary '\0',2,'KN001','B2410008'),(271,_binary '\0',4,'QP010','B2410008'),(272,_binary '\0',5,'KL001','B2410008'),(273,_binary '\0',4,'CT188','B2410008'),(274,_binary '\0',1,'XH025','B2410008'),(275,_binary '\0',2,'CT176','B2410008'),(276,_binary '\0',1,'TC005','B2410008'),(277,_binary '\0',1,'CT279','B2410008'),(278,_binary '\0',4,'XH012','B2410008'),(279,_binary '\0',5,'CT173','B2410008'),(280,_binary '\0',1,'CT100','B2410008'),(281,_binary '\0',1,'TC030','B2410008'),(282,_binary '\0',5,'XH023','B2410008'),(283,_binary '\0',5,'CT226','B2410008'),(284,_binary '\0',1,'TN012','B2410008'),(285,_binary '\0',2,'XH024','B2410008'),(286,_binary '\0',4,'CT190','B2410008'),(287,_binary '\0',2,'CT300','B2410008'),(288,_binary '\0',4,'CT439','B2410008'),(289,_binary '\0',4,'QP011','B2410008'),(290,_binary '\0',2,'CT127','B2410008'),(291,_binary '\0',1,'TC005','B2410009'),(292,_binary '\0',1,'TC030','B2410009'),(293,_binary '\0',2,'CT176','B2410009'),(294,_binary '\0',2,'CT224','B2410009'),(295,_binary '\0',4,'ML019','B2410009'),(296,_binary '\0',4,'CT174','B2410009'),(297,_binary '\0',3,'HP5532','B2410009'),(298,_binary '\0',2,'HP2498','B2410009'),(299,_binary '\0',3,'HP2290','B2410009'),(300,_binary '\0',5,'HP9112','B2410009'),(301,_binary '\0',1,'HP7121','B2410009'),(302,_binary '\0',3,'HP4130','B2410009'),(303,_binary '\0',3,'HP8535','B2410009'),(304,_binary '\0',4,'HP1366','B2410009'),(305,_binary '\0',4,'HP3290','B2410009'),(306,_binary '\0',3,'HP3913','B2410009'),(307,_binary '\0',2,'HP5403','B2410009'),(308,_binary '\0',2,'HP2923','B2410009'),(309,_binary '\0',1,'HP2075','B2410009'),(310,_binary '\0',2,'HP6705','B2410009'),(311,_binary '\0',3,'HP8509','B2410009'),(312,_binary '\0',4,'HP3818','B2410009'),(313,_binary '\0',3,'HP6152','B2410009'),(314,_binary '\0',1,'HP4237','B2410009'),(315,_binary '\0',1,'HP6213','B2410009'),(316,_binary '\0',5,'HP4050','B2410009'),(317,_binary '\0',5,'HP2751','B2410009'),(318,_binary '\0',5,'HP3417','B2410009'),(319,_binary '\0',1,'HP9759','B2410009'),(320,_binary '\0',5,'HP8153','B2410009'),(321,_binary '\0',5,'HP7454','B2410009'),(322,_binary '\0',1,'HP1526','B2410009'),(323,_binary '\0',5,'HP3033','B2410009'),(324,_binary '\0',4,'HP8960','B2410009'),(325,_binary '\0',4,'HP3837','B2410009'),(326,_binary '\0',2,'HP3756','B2410009'),(327,_binary '\0',4,'CT179','B2410010'),(328,_binary '\0',5,'TC006','B2410010'),(329,_binary '\0',4,'XH012','B2410010'),(330,_binary '\0',3,'CT232','B2410010'),(331,_binary '\0',2,'QP013','B2410010'),(332,_binary '\0',4,'XH011','B2410010'),(333,_binary '\0',2,'CT275','B2410010'),(334,_binary '\0',1,'CT200','B2410010'),(335,_binary '\0',4,'QP010','B2410010'),(336,_binary '\0',4,'CT439','B2410010'),(337,_binary '\0',5,'XH014','B2410010'),(338,_binary '\0',1,'XH025','B2410010'),(339,_binary '\0',5,'ML007','B2410010'),(340,_binary '\0',4,'CT555','B2410010'),(341,_binary '\0',2,'CT176','B2410010'),(342,_binary '\0',5,'CT178','B2410010'),(343,_binary '\0',2,'CT271','B2410010'),(344,_binary '\0',3,'CT175','B2410010'),(345,_binary '\0',5,'TN002','B2410010'),(346,_binary '\0',5,'CT211','B2410010'),(347,_binary '\0',2,'KN001','B2410010'),(348,_binary '\0',3,'TN001','B2410010'),(349,_binary '\0',4,'CT188','B2410010'),(350,_binary '\0',4,'CT180','B2410010'),(351,_binary '\0',3,'HP1944','B2410010'),(352,_binary '\0',4,'HP9019','B2410010'),(353,_binary '\0',2,'HP4626','B2410010'),(354,_binary '\0',3,'HP1955','B2410010'),(355,_binary '\0',2,'HP2164','B2410010'),(356,_binary '\0',4,'HP4494','B2410010'),(357,_binary '\0',4,'HP5929','B2410010'),(358,_binary '\0',4,'HP5828','B2410010'),(359,_binary '\0',1,'HP3815','B2410010'),(360,_binary '\0',2,'HP6314','B2410010'),(361,_binary '\0',2,'HP4122','B2410010'),(362,_binary '\0',4,'HP5308','B2410010'),(363,_binary '\0',3,'HP7349','B2410010'),(364,_binary '\0',3,'HP9533','B2410010'),(365,_binary '\0',5,'HP9566','B2410010'),(366,_binary '\0',3,'HP9488','B2410010'),(367,_binary '\0',3,'CT225','B2410011'),(368,_binary '\0',1,'TC028','B2410011'),(369,_binary '\0',2,'CT127','B2410011'),(370,_binary '\0',5,'KN002','B2410011'),(371,_binary '\0',1,'ML014','B2410011'),(372,_binary '\0',4,'CT428','B2410011'),(373,_binary '\0',5,'CT476','B2410011'),(374,_binary '\0',4,'QP011','B2410011'),(375,_binary '\0',3,'CT466','B2410011'),(376,_binary '\0',5,'TC006','B2410011'),(377,_binary '\0',1,'TC030','B2410011'),(378,_binary '\0',5,'XH028','B2410011'),(379,_binary '\0',3,'TN001','B2410011'),(380,_binary '\0',4,'CT179','B2410011'),(381,_binary '\0',3,'HP9931','B2410011'),(382,_binary '\0',4,'HP1597','B2410011'),(383,_binary '\0',2,'HP6699','B2410011'),(384,_binary '\0',4,'HP7243','B2410011'),(385,_binary '\0',4,'HP1494','B2410011'),(386,_binary '\0',3,'HP8034','B2410011'),(387,_binary '\0',3,'HP6448','B2410011'),(388,_binary '\0',1,'HP5219','B2410011'),(389,_binary '\0',3,'HP3846','B2410011'),(390,_binary '\0',2,'HP4887','B2410011'),(391,_binary '\0',1,'HP4996','B2410011'),(392,_binary '\0',5,'HP6054','B2410011'),(393,_binary '\0',2,'HP1645','B2410011'),(394,_binary '\0',1,'HP3469','B2410011'),(395,_binary '\0',4,'HP7667','B2410011'),(396,_binary '\0',4,'HP7211','B2410011'),(397,_binary '\0',4,'HP8788','B2410011'),(398,_binary '\0',3,'HP7735','B2410011'),(399,_binary '\0',3,'HP5326','B2410011'),(400,_binary '\0',2,'HP2785','B2410011'),(401,_binary '\0',3,'HP3572','B2410011'),(402,_binary '\0',5,'HP7495','B2410011'),(403,_binary '\0',4,'HP5167','B2410011'),(404,_binary '\0',1,'HP2549','B2410011'),(405,_binary '\0',5,'HP6258','B2410011'),(406,_binary '\0',1,'HP2330','B2410011'),(407,_binary '\0',2,'HP4654','B2410011'),(408,_binary '\0',1,'HP2276','B2410011'),(409,_binary '\0',3,'HP6945','B2410011'),(410,_binary '\0',4,'HP8209','B2410011'),(411,_binary '\0',1,'HP2739','B2410011'),(412,_binary '\0',3,'HP7349','B2410011'),(413,_binary '\0',4,'HP7635','B2410011'),(414,_binary '\0',5,'CT173','B2410012'),(415,_binary '\0',3,'CT232','B2410012'),(416,_binary '\0',1,'CT296','B2410012'),(417,_binary '\0',3,'TC020','B2410012'),(418,_binary '\0',2,'CT550','B2410012'),(419,_binary '\0',2,'CT176','B2410012'),(420,_binary '\0',1,'CT294','B2410012'),(421,_binary '\0',4,'CT172','B2410012'),(422,_binary '\0',1,'XH025','B2410012'),(423,_binary '\0',1,'CT182','B2410012'),(424,_binary '\0',3,'TN001','B2410012'),(425,_binary '\0',1,'CT200','B2410012'),(426,_binary '\0',4,'QP011','B2410012'),(427,_binary '\0',4,'CT180','B2410012'),(428,_binary '\0',2,'CT127','B2410012'),(429,_binary '\0',5,'TN002','B2410012'),(430,_binary '\0',1,'TN012','B2410012'),(431,_binary '\0',3,'CT221','B2410012'),(432,_binary '\0',2,'TC029','B2410012'),(433,_binary '\0',5,'CT211','B2410012'),(434,_binary '\0',5,'CT178','B2410012'),(435,_binary '\0',1,'ML021','B2410012'),(436,_binary '\0',1,'CT522','B2410012'),(437,_binary '\0',2,'CT471','B2410012'),(438,_binary '\0',5,'CT476','B2410012'),(439,_binary '\0',2,'CT271','B2410012'),(440,_binary '\0',2,'CT275','B2410012'),(441,_binary '\0',4,'CT428','B2410012'),(442,_binary '\0',1,'CT273','B2410012'),(443,_binary '\0',5,'TC006','B2410012'),(444,_binary '\0',2,'KN001','B2410012'),(445,_binary '\0',4,'HP5396','B2410012'),(446,_binary '\0',2,'HP2602','B2410012'),(447,_binary '\0',1,'HP7679','B2410012'),(448,_binary '\0',4,'HP2617','B2410012'),(449,_binary '\0',5,'HP8845','B2410012'),(450,_binary '\0',4,'HP2780','B2410012'),(451,_binary '\0',4,'HP9689','B2410012'),(452,_binary '\0',2,'HP8371','B2410012'),(453,_binary '\0',4,'HP3091','B2410012'),(454,_binary '\0',2,'HP5667','B2410012'),(455,_binary '\0',3,'HP8622','B2410012'),(456,_binary '\0',3,'HP6102','B2410012'),(457,_binary '\0',5,'HP3078','B2410012'),(458,_binary '\0',5,'HP3829','B2410012'),(459,_binary '\0',1,'HP9774','B2410012'),(460,_binary '\0',5,'HP1248','B2410012'),(461,_binary '\0',2,'HP7493','B2410012'),(462,_binary '\0',1,'HP2024','B2410012'),(463,_binary '\0',4,'HP2867','B2410012'),(464,_binary '\0',5,'HP7093','B2410012'),(465,_binary '\0',1,'HP1636','B2410012'),(466,_binary '\0',5,'HP6796','B2410012'),(467,_binary '\0',2,'CT177','B2410013'),(468,_binary '\0',2,'TC029','B2410013'),(469,_binary '\0',1,'CT273','B2410013'),(470,_binary '\0',4,'CT179','B2410013'),(471,_binary '\0',3,'CT221','B2410013'),(472,_binary '\0',1,'CT279','B2410013'),(473,_binary '\0',3,'CT232','B2410013'),(474,_binary '\0',4,'ML019','B2410013'),(475,_binary '\0',1,'CT296','B2410013'),(476,_binary '\0',5,'CT211','B2410013'),(477,_binary '\0',2,'CT471','B2410013'),(478,_binary '\0',4,'QP011','B2410013'),(479,_binary '\0',4,'QP010','B2410013'),(480,_binary '\0',3,'CT466','B2410013'),(481,_binary '\0',4,'XH012','B2410013'),(482,_binary '\0',3,'TC020','B2410013'),(483,_binary '\0',2,'CT300','B2410013'),(484,_binary '\0',4,'CT439','B2410013'),(485,_binary '\0',5,'XH028','B2410013'),(486,_binary '\0',3,'QP012','B2410013'),(487,_binary '\0',2,'CT212','B2410013'),(488,_binary '\0',2,'KN001','B2410013'),(489,_binary '\0',1,'CT182','B2410013'),(490,_binary '\0',3,'CT175','B2410013'),(491,_binary '\0',1,'TC030','B2410013'),(492,_binary '\0',5,'XH014','B2410013'),(493,_binary '\0',4,'CT428','B2410013'),(494,_binary '\0',4,'CT190','B2410013'),(495,_binary '\0',1,'TN012','B2410013'),(496,_binary '\0',1,'ML016','B2410013'),(497,_binary '\0',4,'CT555','B2410013'),(498,_binary '\0',2,'CT127','B2410013'),(499,_binary '\0',5,'TC006','B2410013'),(500,_binary '\0',1,'CT200','B2410013'),(501,_binary '\0',1,'TC005','B2410013'),(502,_binary '\0',4,'CT174','B2410013'),(503,_binary '\0',5,'KN002','B2410013'),(504,_binary '\0',2,'CT101','B2410013'),(505,_binary '\0',2,'QP013','B2410013'),(506,_binary '\0',2,'XH024','B2410013'),(507,_binary '\0',2,'CT335','B2410013'),(508,_binary '\0',1,'XH025','B2410013'),(509,_binary '\0',5,'ML007','B2410013'),(510,_binary '\0',4,'CT293','B2410013'),(511,_binary '\0',2,'CT176','B2410013'),(512,_binary '\0',1,'CT100','B2410013'),(513,_binary '\0',1,'CT522','B2410013'),(514,_binary '\0',2,'CT275','B2410013'),(515,_binary '\0',5,'TN002','B2410013'),(516,_binary '\0',5,'KL001','B2410013'),(517,_binary '\0',3,'TN010','B2410013'),(518,_binary '\0',4,'CT188','B2410013'),(519,_binary '\0',2,'CT224','B2410013'),(520,_binary '\0',2,'CT550','B2410013'),(521,_binary '\0',2,'CT177','B2410014'),(522,_binary '\0',3,'CT175','B2410014'),(523,_binary '\0',4,'CT180','B2410014'),(524,_binary '\0',5,'KN002','B2410014'),(525,_binary '\0',1,'XH025','B2410014'),(526,_binary '\0',5,'ML007','B2410014'),(527,_binary '\0',2,'CT271','B2410014'),(528,_binary '\0',3,'TN010','B2410014'),(529,_binary '\0',2,'CT101','B2410014'),(530,_binary '\0',2,'QP013','B2410014'),(531,_binary '\0',5,'CT476','B2410014'),(532,_binary '\0',1,'CT182','B2410014'),(533,_binary '\0',1,'ML021','B2410014'),(534,_binary '\0',2,'CT275','B2410014'),(535,_binary '\0',1,'CT100','B2410014'),(536,_binary '\0',5,'KL001','B2410014'),(537,_binary '\0',4,'XH011','B2410014'),(538,_binary '\0',2,'XH024','B2410014'),(539,_binary '\0',1,'TC028','B2410014'),(540,_binary '\0',1,'TC005','B2410014'),(541,_binary '\0',2,'CT300','B2410014'),(542,_binary '\0',5,'CT178','B2410014'),(543,_binary '\0',2,'CT471','B2410014'),(544,_binary '\0',1,'TC030','B2410014'),(545,_binary '\0',4,'CT293','B2410014'),(546,_binary '\0',5,'XH023','B2410014'),(547,_binary '\0',5,'XH014','B2410014'),(548,_binary '\0',3,'CT225','B2410014'),(549,_binary '\0',4,'QP010','B2410014'),(550,_binary '\0',4,'CT179','B2410014'),(551,_binary '\0',1,'ML016','B2410014'),(552,_binary '\0',3,'CT221','B2410014'),(553,_binary '\0',1,'ML014','B2410014'),(554,_binary '\0',4,'CT174','B2410014'),(555,_binary '\0',2,'CT224','B2410014'),(556,_binary '\0',4,'QP011','B2410014'),(557,_binary '\0',5,'CT173','B2410014'),(558,_binary '\0',2,'CT222','B2410014'),(559,_binary '\0',3,'TN001','B2410014'),(560,_binary '\0',5,'TC006','B2410014'),(561,_binary '\0',4,'ML018','B2410014'),(562,_binary '\0',1,'TN012','B2410014'),(563,_binary '\0',4,'CT188','B2410014'),(564,_binary '\0',1,'CT200','B2410014'),(565,_binary '\0',3,'CT467','B2410014'),(566,_binary '\0',2,'CT127','B2410014'),(567,_binary '\0',2,'HP4827','B2410014'),(568,_binary '\0',3,'HP4225','B2410014'),(569,_binary '\0',1,'HP2789','B2410014'),(570,_binary '\0',5,'HP5052','B2410014'),(571,_binary '\0',3,'HP9530','B2410014'),(572,_binary '\0',2,'CT212','B2410015'),(573,_binary '\0',3,'TN010','B2410015'),(574,_binary '\0',1,'CT100','B2410015'),(575,_binary '\0',3,'CT232','B2410015'),(576,_binary '\0',5,'KN002','B2410015'),(577,_binary '\0',2,'KN001','B2410015'),(578,_binary '\0',3,'CT466','B2410015'),(579,_binary '\0',5,'TN002','B2410015'),(580,_binary '\0',4,'CT293','B2410015'),(581,_binary '\0',1,'HP8267','B2410015'),(582,_binary '\0',1,'HP2765','B2410015'),(583,_binary '\0',4,'HP1341','B2410015'),(584,_binary '\0',5,'HP8928','B2410015'),(585,_binary '\0',4,'HP4876','B2410015'),(586,_binary '\0',3,'HP5328','B2410015'),(587,_binary '\0',4,'HP8830','B2410015'),(588,_binary '\0',1,'HP2081','B2410015'),(589,_binary '\0',4,'HP7477','B2410015'),(590,_binary '\0',4,'HP9480','B2410015'),(591,_binary '\0',3,'HP6720','B2410015'),(592,_binary '\0',5,'HP1745','B2410015'),(593,_binary '\0',1,'HP6285','B2410015'),(594,_binary '\0',3,'HP6764','B2410015'),(595,_binary '\0',3,'HP6670','B2410015'),(596,_binary '\0',3,'HP9355','B2410015'),(597,_binary '\0',1,'HP4790','B2410015'),(598,_binary '\0',2,'HP1080','B2410015'),(599,_binary '\0',5,'HP4933','B2410015'),(600,_binary '\0',3,'HP6384','B2410015'),(601,_binary '\0',2,'HP5731','B2410015'),(602,_binary '\0',3,'HP3501','B2410015'),(603,_binary '\0',4,'HP6655','B2410015'),(604,_binary '\0',4,'HP2234','B2410015'),(605,_binary '\0',1,'HP3747','B2410015'),(606,_binary '\0',5,'HP8891','B2410015'),(607,_binary '\0',3,'HP6505','B2410015'),(608,_binary '\0',3,'HP6076','B2410015'),(609,_binary '\0',3,'HP4392','B2410015'),(610,_binary '\0',4,'HP9566','B2410015'),(611,_binary '\0',5,'HP5760','B2410015'),(612,_binary '\0',3,'HP2550','B2410015'),(613,_binary '\0',4,'HP6663','B2410015'),(614,_binary '\0',5,'HP9927','B2410015'),(615,_binary '\0',3,'HP8861','B2410015'),(616,_binary '\0',3,'HP3186','B2410015'),(617,_binary '\0',5,'HP5382','B2410015'),(618,_binary '\0',4,'HP6078','B2410015'),(619,_binary '\0',3,'HP6435','B2410015'),(620,_binary '\0',3,'HP3122','B2410015'),(621,_binary '\0',5,'HP5546','B2410015'),(622,_binary '\0',2,'HP2877','B2410015'),(623,_binary '\0',5,'HP6428','B2410015'),(624,_binary '\0',2,'HP3471','B2410015'),(625,_binary '\0',4,'CT188','B2410016'),(626,_binary '\0',1,'CT294','B2410016'),(627,_binary '\0',4,'CT555','B2410016'),(628,_binary '\0',5,'XH028','B2410016'),(629,_binary '\0',1,'CT273','B2410016'),(630,_binary '\0',1,'CT522','B2410016'),(631,_binary '\0',1,'CT279','B2410016'),(632,_binary '\0',3,'CT225','B2410016'),(633,_binary '\0',5,'CT173','B2410016'),(634,_binary '\0',4,'CT180','B2410016'),(635,_binary '\0',1,'CT296','B2410016'),(636,_binary '\0',3,'CT175','B2410016'),(637,_binary '\0',4,'XH011','B2410016'),(638,_binary '\0',1,'CT100','B2410016'),(639,_binary '\0',2,'CT335','B2410016'),(640,_binary '\0',2,'HP5262','B2410016'),(641,_binary '\0',2,'HP6169','B2410016'),(642,_binary '\0',3,'HP5724','B2410016'),(643,_binary '\0',3,'HP8557','B2410016'),(644,_binary '\0',3,'HP6745','B2410016'),(645,_binary '\0',2,'HP3606','B2410016'),(646,_binary '\0',4,'HP2968','B2410016'),(647,_binary '\0',3,'HP3053','B2410016'),(648,_binary '\0',1,'HP3497','B2410016'),(649,_binary '\0',3,'HP2510','B2410016'),(650,_binary '\0',4,'HP1537','B2410016'),(651,_binary '\0',3,'HP8423','B2410016'),(652,_binary '\0',5,'HP8723','B2410016'),(653,_binary '\0',4,'HP2370','B2410016'),(654,_binary '\0',2,'HP7796','B2410016'),(655,_binary '\0',2,'HP3404','B2410016'),(656,_binary '\0',5,'HP8206','B2410016'),(657,_binary '\0',3,'HP7217','B2410016'),(658,_binary '\0',5,'HP9575','B2410016'),(659,_binary '\0',5,'HP8359','B2410016'),(660,_binary '\0',1,'HP9928','B2410016'),(661,_binary '\0',1,'HP8322','B2410016'),(662,_binary '\0',5,'HP4102','B2410016'),(663,_binary '\0',5,'HP7264','B2410016'),(664,_binary '\0',3,'HP5980','B2410016'),(665,_binary '\0',4,'HP2425','B2410016'),(666,_binary '\0',3,'HP3118','B2410016'),(667,_binary '\0',5,'HP8131','B2410016'),(668,_binary '\0',1,'HP8932','B2410016'),(669,_binary '\0',5,'HP2095','B2410016'),(670,_binary '\0',4,'HP7990','B2410016'),(671,_binary '\0',3,'HP3486','B2410016'),(672,_binary '\0',4,'HP6829','B2410016'),(673,_binary '\0',4,'HP3808','B2410016'),(674,_binary '\0',4,'HP6872','B2410016'),(675,_binary '\0',4,'CT293','B2410017'),(676,_binary '\0',2,'CT177','B2410017'),(677,_binary '\0',3,'CT466','B2410017'),(678,_binary '\0',2,'CT101','B2410017'),(679,_binary '\0',4,'ML018','B2410017'),(680,_binary '\0',3,'QP012','B2410017'),(681,_binary '\0',3,'CT225','B2410017'),(682,_binary '\0',5,'HP6194','B2410017'),(683,_binary '\0',4,'HP6048','B2410017'),(684,_binary '\0',3,'HP5226','B2410017'),(685,_binary '\0',4,'HP9374','B2410017'),(686,_binary '\0',3,'HP9591','B2410017'),(687,_binary '\0',2,'HP1156','B2410017'),(688,_binary '\0',3,'HP6641','B2410017'),(689,_binary '\0',1,'HP5853','B2410017'),(690,_binary '\0',2,'HP9923','B2410017'),(691,_binary '\0',4,'HP1487','B2410017'),(692,_binary '\0',4,'HP3882','B2410017'),(693,_binary '\0',5,'HP4082','B2410017'),(694,_binary '\0',5,'HP8830','B2410017'),(695,_binary '\0',5,'HP5103','B2410017'),(696,_binary '\0',4,'HP6650','B2410017'),(697,_binary '\0',2,'HP5660','B2410017'),(698,_binary '\0',2,'HP3311','B2410017'),(699,_binary '\0',3,'HP3639','B2410017'),(700,_binary '\0',5,'HP3189','B2410017'),(701,_binary '\0',5,'HP9876','B2410017'),(702,_binary '\0',5,'HP9958','B2410017'),(703,_binary '\0',5,'HP8198','B2410017'),(704,_binary '\0',3,'HP3818','B2410017'),(705,_binary '\0',5,'HP7531','B2410017'),(706,_binary '\0',5,'HP3513','B2410017'),(707,_binary '\0',2,'HP6820','B2410017'),(708,_binary '\0',2,'HP6567','B2410017'),(709,_binary '\0',1,'HP5690','B2410017'),(710,_binary '\0',4,'HP2480','B2410017'),(711,_binary '\0',5,'HP7248','B2410017'),(712,_binary '\0',5,'HP9573','B2410017'),(713,_binary '\0',4,'HP3768','B2410017'),(714,_binary '\0',1,'HP4427','B2410017'),(715,_binary '\0',5,'HP1922','B2410017'),(716,_binary '\0',5,'HP3836','B2410017'),(717,_binary '\0',3,'HP3102','B2410017'),(718,_binary '\0',2,'HP2028','B2410017'),(719,_binary '\0',3,'CT221','B2410018'),(720,_binary '\0',3,'TN001','B2410018'),(721,_binary '\0',5,'XH028','B2410018'),(722,_binary '\0',2,'KN001','B2410018'),(723,_binary '\0',4,'CT174','B2410018'),(724,_binary '\0',2,'CT177','B2410018'),(725,_binary '\0',4,'CT179','B2410018'),(726,_binary '\0',5,'TC006','B2410018'),(727,_binary '\0',5,'XH023','B2410018'),(728,_binary '\0',5,'CT226','B2410018'),(729,_binary '\0',1,'CT294','B2410018'),(730,_binary '\0',5,'ML007','B2410018'),(731,_binary '\0',5,'CT173','B2410018'),(732,_binary '\0',2,'CT300','B2410018'),(733,_binary '\0',2,'CT176','B2410018'),(734,_binary '\0',1,'TC028','B2410018'),(735,_binary '\0',2,'XH024','B2410018'),(736,_binary '\0',1,'ML016','B2410018'),(737,_binary '\0',2,'TC029','B2410018'),(738,_binary '\0',3,'CT232','B2410018'),(739,_binary '\0',2,'CT271','B2410018'),(740,_binary '\0',5,'CT178','B2410018'),(741,_binary '\0',1,'ML014','B2410018'),(742,_binary '\0',3,'CT466','B2410018'),(743,_binary '\0',3,'TC020','B2410018'),(744,_binary '\0',1,'CT273','B2410018'),(745,_binary '\0',3,'CT175','B2410018'),(746,_binary '\0',4,'CT439','B2410018'),(747,_binary '\0',3,'TN010','B2410018'),(748,_binary '\0',5,'KN002','B2410018'),(749,_binary '\0',2,'CT212','B2410018'),(750,_binary '\0',4,'ML019','B2410018'),(751,_binary '\0',4,'CT555','B2410018'),(752,_binary '\0',1,'XH025','B2410018'),(753,_binary '\0',1,'ML021','B2410018'),(754,_binary '\0',5,'KL001','B2410018'),(755,_binary '\0',2,'CT275','B2410018'),(756,_binary '\0',1,'TN012','B2410018'),(757,_binary '\0',5,'XH014','B2410018'),(758,_binary '\0',4,'QP011','B2410018'),(759,_binary '\0',4,'ML018','B2410018'),(760,_binary '\0',1,'CT182','B2410018'),(761,_binary '\0',1,'CT100','B2410018'),(762,_binary '\0',1,'CT522','B2410018'),(763,_binary '\0',4,'CT190','B2410018'),(764,_binary '\0',3,'CT225','B2410018'),(765,_binary '\0',5,'CT476','B2410018'),(766,_binary '\0',2,'CT222','B2410018'),(767,_binary '\0',2,'CT471','B2410018'),(768,_binary '\0',3,'QP012','B2410018'),(769,_binary '\0',1,'CT296','B2410018'),(770,_binary '\0',5,'TN002','B2410018'),(771,_binary '\0',4,'CT180','B2410018'),(772,_binary '\0',4,'QP010','B2410019'),(773,_binary '\0',5,'CT476','B2410019'),(774,_binary '\0',1,'CT522','B2410019'),(775,_binary '\0',4,'CT293','B2410019'),(776,_binary '\0',4,'CT179','B2410019'),(777,_binary '\0',2,'CT471','B2410019'),(778,_binary '\0',3,'CT467','B2410019'),(779,_binary '\0',3,'QP012','B2410019'),(780,_binary '\0',5,'CT211','B2410019'),(781,_binary '\0',4,'CT174','B2410019'),(782,_binary '\0',2,'CT271','B2410019'),(783,_binary '\0',2,'XH024','B2410019'),(784,_binary '\0',1,'TC005','B2410019'),(785,_binary '\0',1,'ML021','B2410019'),(786,_binary '\0',4,'CT428','B2410019'),(787,_binary '\0',4,'CT439','B2410019'),(788,_binary '\0',5,'XH014','B2410019'),(789,_binary '\0',1,'TC028','B2410019'),(790,_binary '\0',1,'ML016','B2410019'),(791,_binary '\0',3,'TN001','B2410019'),(792,_binary '\0',1,'CT294','B2410019'),(793,_binary '\0',4,'CT555','B2410019'),(794,_binary '\0',5,'KL001','B2410019'),(795,_binary '\0',2,'CT177','B2410019'),(796,_binary '\0',4,'CT180','B2410019'),(797,_binary '\0',5,'CT226','B2410019'),(798,_binary '\0',2,'CT101','B2410019'),(799,_binary '\0',1,'CT279','B2410019'),(800,_binary '\0',4,'XH011','B2410019'),(801,_binary '\0',1,'HP2134','B2410019'),(802,_binary '\0',1,'HP5037','B2410019'),(803,_binary '\0',5,'HP6155','B2410019'),(804,_binary '\0',3,'HP7634','B2410019'),(805,_binary '\0',4,'HP2202','B2410019'),(806,_binary '\0',5,'HP6558','B2410019'),(807,_binary '\0',5,'HP8820','B2410019'),(808,_binary '\0',1,'HP5721','B2410019'),(809,_binary '\0',4,'HP7291','B2410019'),(810,_binary '\0',4,'HP2957','B2410019'),(811,_binary '\0',4,'HP3136','B2410019'),(812,_binary '\0',4,'HP8614','B2410019'),(813,_binary '\0',4,'HP4969','B2410019'),(814,_binary '\0',4,'HP4386','B2410019'),(815,_binary '\0',1,'HP9309','B2410019'),(816,_binary '\0',3,'HP5312','B2410019'),(817,_binary '\0',2,'HP7065','B2410019'),(818,_binary '\0',1,'HP4426','B2410019'),(819,_binary '\0',4,'HP9553','B2410019'),(820,_binary '\0',1,'HP6542','B2410019'),(821,_binary '\0',2,'CT271','B2410020'),(822,_binary '\0',2,'CT176','B2410020'),(823,_binary '\0',3,'QP012','B2410020'),(824,_binary '\0',4,'ML018','B2410020'),(825,_binary '\0',4,'CT179','B2410020'),(826,_binary '\0',4,'CT293','B2410020'),(827,_binary '\0',2,'CT127','B2410020'),(828,_binary '\0',2,'CT335','B2410020'),(829,_binary '\0',1,'CT112','B2410020'),(830,_binary '\0',5,'CT173','B2410020'),(831,_binary '\0',3,'TN010','B2410020'),(832,_binary '\0',5,'KL001','B2410020'),(833,_binary '\0',3,'CT467','B2410020'),(834,_binary '\0',1,'TC005','B2410020'),(835,_binary '\0',4,'CT174','B2410020'),(836,_binary '\0',4,'QP010','B2410020'),(837,_binary '\0',1,'TC030','B2410020'),(838,_binary '\0',4,'CT439','B2410020'),(839,_binary '\0',5,'TC006','B2410020'),(840,_binary '\0',2,'CT212','B2410020'),(841,_binary '\0',1,'CT273','B2410020'),(842,_binary '\0',2,'QP013','B2410020'),(843,_binary '\0',4,'HP6735','B2410020'),(844,_binary '\0',4,'HP3783','B2410020'),(845,_binary '\0',3,'HP3914','B2410020'),(846,_binary '\0',3,'HP4907','B2410020'),(847,_binary '\0',3,'HP5564','B2410020'),(848,_binary '\0',5,'HP8224','B2410020'),(849,_binary '\0',3,'HP5078','B2410020'),(850,_binary '\0',3,'HP2256','B2410020'),(851,_binary '\0',2,'HP8849','B2410020'),(852,_binary '\0',4,'HP3984','B2410020'),(853,_binary '\0',5,'HP6460','B2410020'),(854,_binary '\0',4,'HP7299','B2410020'),(855,_binary '\0',3,'HP4505','B2410020'),(856,_binary '\0',3,'HP9301','B2410020'),(857,_binary '\0',1,'HP1183','B2410020'),(858,_binary '\0',3,'HP2674','B2410020'),(859,_binary '\0',2,'HP9603','B2410020'),(860,_binary '\0',4,'HP6518','B2410020'),(861,_binary '\0',5,'HP4016','B2410020'),(862,_binary '\0',2,'HP1166','B2410020'),(863,_binary '\0',4,'HP1520','B2410020'),(864,_binary '\0',4,'HP7910','B2410020'),(865,_binary '\0',2,'HP5992','B2410020'),(866,_binary '\0',5,'HP6073','B2410020'),(867,_binary '\0',3,'HP2247','B2410020'),(868,_binary '\0',1,'HP2167','B2410020'),(869,_binary '\0',5,'HP1308','B2410020'),(870,_binary '\0',1,'HP7601','B2410020'),(871,_binary '\0',1,'HP2723','B2410020'),(872,_binary '\0',1,'HP6194','B2410020'),(873,_binary '\0',2,'HP1657','B2410020'),(874,_binary '\0',5,'HP7984','B2410020'),(875,_binary '\0',3,'HP3410','B2410020'),(876,_binary '\0',3,'HP5392','B2410020'),(877,_binary '\0',4,'HP9740','B2410020'),(878,_binary '\0',3,'HP9246','B2410020'),(879,_binary '\0',5,'HP3925','B2410020'),(880,_binary '\0',2,'HP4667','B2410020'),(881,_binary '\0',1,'HP2366','B2410020'),(882,_binary '\0',2,'HP8889','B2410020'),(883,_binary '\0',3,'TC020','B2410021'),(884,_binary '\0',5,'XH023','B2410021'),(885,_binary '\0',3,'TN001','B2410021'),(886,_binary '\0',4,'CT180','B2410021'),(887,_binary '\0',1,'TN012','B2410021'),(888,_binary '\0',2,'CT177','B2410021'),(889,_binary '\0',4,'ML019','B2410021'),(890,_binary '\0',2,'QP013','B2410021'),(891,_binary '\0',3,'TN010','B2410021'),(892,_binary '\0',4,'CT293','B2410021'),(893,_binary '\0',2,'CT550','B2410021'),(894,_binary '\0',5,'CT173','B2410021'),(895,_binary '\0',5,'TN002','B2410021'),(896,_binary '\0',5,'ML007','B2410021'),(897,_binary '\0',3,'QP012','B2410021'),(898,_binary '\0',5,'XH028','B2410021'),(899,_binary '\0',3,'CT225','B2410021'),(900,_binary '\0',3,'CT175','B2410021'),(901,_binary '\0',4,'XH011','B2410021'),(902,_binary '\0',4,'XH012','B2410021'),(903,_binary '\0',2,'CT335','B2410021'),(904,_binary '\0',4,'CT188','B2410021'),(905,_binary '\0',1,'CT279','B2410021'),(906,_binary '\0',1,'CT296','B2410021'),(907,_binary '\0',4,'CT174','B2410021'),(908,_binary '\0',5,'CT476','B2410021'),(909,_binary '\0',2,'HP8664','B2410021'),(910,_binary '\0',5,'HP2760','B2410021'),(911,_binary '\0',1,'HP6016','B2410021'),(912,_binary '\0',5,'HP1259','B2410021'),(913,_binary '\0',5,'HP4895','B2410021'),(914,_binary '\0',5,'HP2189','B2410021'),(915,_binary '\0',5,'HP9074','B2410021'),(916,_binary '\0',2,'HP9042','B2410021'),(917,_binary '\0',1,'HP2270','B2410021'),(918,_binary '\0',4,'HP1315','B2410021'),(919,_binary '\0',5,'HP5564','B2410021'),(920,_binary '\0',1,'HP6642','B2410021'),(921,_binary '\0',4,'HP6336','B2410021'),(922,_binary '\0',4,'HP3599','B2410021'),(923,_binary '\0',4,'HP2145','B2410021'),(924,_binary '\0',1,'HP9128','B2410021'),(925,_binary '\0',2,'HP9356','B2410021'),(926,_binary '\0',3,'HP4236','B2410021'),(927,_binary '\0',3,'HP8059','B2410021'),(928,_binary '\0',3,'HP5797','B2410021'),(929,_binary '\0',1,'HP9972','B2410021'),(930,_binary '\0',4,'HP6587','B2410021'),(931,_binary '\0',4,'HP4524','B2410021'),(932,_binary '\0',3,'HP3943','B2410021'),(933,_binary '\0',2,'HP8076','B2410021'),(934,_binary '\0',5,'HP4352','B2410021'),(935,_binary '\0',1,'HP6400','B2410021'),(936,_binary '\0',2,'HP2343','B2410021'),(937,_binary '\0',3,'HP6969','B2410021'),(938,_binary '\0',5,'HP7044','B2410021'),(939,_binary '\0',1,'HP3493','B2410021'),(940,_binary '\0',5,'HP1933','B2410021'),(941,_binary '\0',2,'HP6269','B2410021'),(942,_binary '\0',2,'HP8387','B2410021'),(943,_binary '\0',3,'HP6613','B2410021'),(944,_binary '\0',4,'HP9512','B2410021'),(945,_binary '\0',2,'HP7660','B2410021'),(946,_binary '\0',4,'ML018','B2410022'),(947,_binary '\0',1,'CT182','B2410022'),(948,_binary '\0',4,'QP010','B2410022'),(949,_binary '\0',4,'QP011','B2410022'),(950,_binary '\0',1,'TN012','B2410022'),(951,_binary '\0',5,'CT476','B2410022'),(952,_binary '\0',2,'CT176','B2410022'),(953,_binary '\0',5,'CT173','B2410022'),(954,_binary '\0',4,'XH012','B2410022'),(955,_binary '\0',1,'CT112','B2410022'),(956,_binary '\0',2,'TC029','B2410022'),(957,_binary '\0',2,'CT335','B2410022'),(958,_binary '\0',4,'CT188','B2410022'),(959,_binary '\0',4,'CT555','B2410022'),(960,_binary '\0',1,'TC005','B2410022'),(961,_binary '\0',4,'CT179','B2410022'),(962,_binary '\0',2,'CT300','B2410022'),(963,_binary '\0',1,'ML021','B2410022'),(964,_binary '\0',2,'XH024','B2410022'),(965,_binary '\0',3,'CT221','B2410022'),(966,_binary '\0',4,'CT293','B2410022'),(967,_binary '\0',5,'ML007','B2410022'),(968,_binary '\0',5,'CT211','B2410022'),(969,_binary '\0',3,'TN001','B2410022'),(970,_binary '\0',2,'CT212','B2410022'),(971,_binary '\0',3,'TN010','B2410022'),(972,_binary '\0',3,'TC020','B2410022'),(973,_binary '\0',2,'CT177','B2410022'),(974,_binary '\0',4,'CT172','B2410022'),(975,_binary '\0',4,'CT174','B2410022'),(976,_binary '\0',4,'CT180','B2410022'),(977,_binary '\0',5,'CT178','B2410022'),(978,_binary '\0',3,'CT466','B2410022'),(979,_binary '\0',1,'CT200','B2410022'),(980,_binary '\0',2,'CT224','B2410022'),(981,_binary '\0',4,'XH011','B2410022'),(982,_binary '\0',4,'CT428','B2410022'),(983,_binary '\0',1,'ML016','B2410022'),(984,_binary '\0',5,'CT226','B2410022'),(985,_binary '\0',5,'KL001','B2410022'),(986,_binary '\0',2,'CT471','B2410022'),(987,_binary '\0',2,'CT550','B2410022'),(988,_binary '\0',2,'CT271','B2410022'),(989,_binary '\0',1,'TC028','B2410022'),(990,_binary '\0',1,'CT273','B2410022'),(991,_binary '\0',1,'CT100','B2410022'),(992,_binary '\0',1,'XH025','B2410022'),(993,_binary '\0',5,'TC006','B2410022'),(994,_binary '\0',3,'CT175','B2410022'),(995,_binary '\0',1,'CT296','B2410022'),(996,_binary '\0',2,'KN001','B2410022'),(997,_binary '\0',3,'CT232','B2410022'),(998,_binary '\0',2,'CT101','B2410022'),(999,_binary '\0',5,'XH023','B2410022'),(1000,_binary '\0',3,'QP012','B2410022'),(1001,_binary '\0',5,'XH028','B2410022'),(1002,_binary '\0',1,'CT294','B2410022'),(1003,_binary '\0',2,'CT275','B2410022'),(1004,_binary '\0',5,'HP8113','B2410022'),(1005,_binary '\0',2,'HP9183','B2410022'),(1006,_binary '\0',4,'HP5214','B2410022'),(1007,_binary '\0',4,'HP8243','B2410022'),(1008,_binary '\0',5,'HP5971','B2410022'),(1009,_binary '\0',2,'HP4823','B2410022'),(1010,_binary '\0',1,'HP8723','B2410022'),(1011,_binary '\0',1,'HP1269','B2410022'),(1012,_binary '\0',5,'XH014','B2410023'),(1013,_binary '\0',2,'CT177','B2410023'),(1014,_binary '\0',3,'TN001','B2410023'),(1015,_binary '\0',4,'XH011','B2410023'),(1016,_binary '\0',2,'QP013','B2410023'),(1017,_binary '\0',2,'CT224','B2410023'),(1018,_binary '\0',2,'CT471','B2410023'),(1019,_binary '\0',4,'CT439','B2410023'),(1020,_binary '\0',2,'CT275','B2410023'),(1021,_binary '\0',3,'QP012','B2410023'),(1022,_binary '\0',4,'QP011','B2410023'),(1023,_binary '\0',4,'CT293','B2410023'),(1024,_binary '\0',1,'CT296','B2410023'),(1025,_binary '\0',3,'HP2837','B2410023'),(1026,_binary '\0',4,'HP4318','B2410023'),(1027,_binary '\0',3,'HP1693','B2410023'),(1028,_binary '\0',2,'HP5713','B2410023'),(1029,_binary '\0',1,'HP1352','B2410023'),(1030,_binary '\0',2,'HP6201','B2410023'),(1031,_binary '\0',3,'HP7087','B2410023'),(1032,_binary '\0',1,'HP3334','B2410023'),(1033,_binary '\0',5,'HP6635','B2410023'),(1034,_binary '\0',4,'HP2058','B2410023'),(1035,_binary '\0',2,'HP6643','B2410023'),(1036,_binary '\0',1,'HP6742','B2410023'),(1037,_binary '\0',3,'HP6697','B2410023'),(1038,_binary '\0',1,'HP1340','B2410023'),(1039,_binary '\0',3,'HP3161','B2410023'),(1040,_binary '\0',3,'HP8657','B2410023'),(1041,_binary '\0',5,'HP5916','B2410023'),(1042,_binary '\0',2,'HP8934','B2410023'),(1043,_binary '\0',2,'HP3447','B2410023'),(1044,_binary '\0',2,'HP1266','B2410023'),(1045,_binary '\0',5,'HP7724','B2410023'),(1046,_binary '\0',1,'HP3713','B2410023'),(1047,_binary '\0',4,'HP6336','B2410023'),(1048,_binary '\0',1,'HP5079','B2410023'),(1049,_binary '\0',4,'HP9348','B2410023'),(1050,_binary '\0',4,'HP5860','B2410023'),(1051,_binary '\0',5,'HP9713','B2410023'),(1052,_binary '\0',2,'HP8299','B2410023'),(1053,_binary '\0',3,'HP7634','B2410023'),(1054,_binary '\0',2,'HP7802','B2410023'),(1055,_binary '\0',1,'HP5949','B2410023'),(1056,_binary '\0',2,'HP3810','B2410023'),(1057,_binary '\0',5,'HP8954','B2410023'),(1058,_binary '\0',1,'HP3483','B2410023'),(1059,_binary '\0',1,'HP9646','B2410023'),(1060,_binary '\0',1,'HP7580','B2410023'),(1061,_binary '\0',5,'HP6227','B2410023'),(1062,_binary '\0',1,'HP8762','B2410023'),(1063,_binary '\0',2,'HP3840','B2410023'),(1064,_binary '\0',1,'HP9392','B2410023'),(1065,_binary '\0',2,'HP2417','B2410023'),(1066,_binary '\0',5,'HP3484','B2410023'),(1067,_binary '\0',2,'HP7579','B2410023'),(1068,_binary '\0',5,'HP1469','B2410023'),(1069,_binary '\0',2,'HP4854','B2410023'),(1070,_binary '\0',4,'HP6943','B2410023'),(1071,_binary '\0',3,'HP9292','B2410023'),(1072,_binary '\0',1,'CT273','B2410024'),(1073,_binary '\0',4,'HP3526','B2410024'),(1074,_binary '\0',4,'HP5558','B2410024'),(1075,_binary '\0',5,'HP3893','B2410024'),(1076,_binary '\0',3,'HP3472','B2410024'),(1077,_binary '\0',4,'HP2437','B2410024'),(1078,_binary '\0',1,'HP4274','B2410024'),(1079,_binary '\0',2,'HP3084','B2410024'),(1080,_binary '\0',4,'HP2825','B2410024'),(1081,_binary '\0',1,'HP9169','B2410024'),(1082,_binary '\0',3,'HP8576','B2410024'),(1083,_binary '\0',3,'HP6195','B2410024'),(1084,_binary '\0',1,'HP7935','B2410024'),(1085,_binary '\0',4,'HP6829','B2410024'),(1086,_binary '\0',2,'HP7475','B2410024'),(1087,_binary '\0',2,'HP2877','B2410024'),(1088,_binary '\0',4,'HP3701','B2410024'),(1089,_binary '\0',3,'HP3890','B2410024'),(1090,_binary '\0',3,'HP2104','B2410024'),(1091,_binary '\0',2,'HP5704','B2410024'),(1092,_binary '\0',2,'HP1827','B2410024'),(1093,_binary '\0',4,'HP8481','B2410024'),(1094,_binary '\0',1,'HP9503','B2410024'),(1095,_binary '\0',4,'HP6412','B2410024'),(1096,_binary '\0',3,'HP3391','B2410024'),(1097,_binary '\0',3,'HP1533','B2410024'),(1098,_binary '\0',3,'HP8729','B2410024'),(1099,_binary '\0',1,'HP4703','B2410024'),(1100,_binary '\0',1,'HP6369','B2410024'),(1101,_binary '\0',4,'HP1224','B2410024'),(1102,_binary '\0',2,'HP7210','B2410024'),(1103,_binary '\0',5,'HP9152','B2410024'),(1104,_binary '\0',3,'HP7490','B2410024'),(1105,_binary '\0',5,'HP1564','B2410024'),(1106,_binary '\0',1,'HP3182','B2410024'),(1107,_binary '\0',5,'HP9568','B2410024'),(1108,_binary '\0',5,'HP6886','B2410024'),(1109,_binary '\0',2,'HP4763','B2410024'),(1110,_binary '\0',3,'HP4694','B2410024'),(1111,_binary '\0',5,'HP2790','B2410024'),(1112,_binary '\0',2,'HP3122','B2410024'),(1113,_binary '\0',1,'HP9249','B2410024'),(1114,_binary '\0',4,'HP6160','B2410024'),(1115,_binary '\0',1,'HP9401','B2410024'),(1116,_binary '\0',3,'HP3682','B2410024'),(1117,_binary '\0',3,'HP3152','B2410024'),(1118,_binary '\0',4,'HP1048','B2410024'),(1119,_binary '\0',2,'HP7503','B2410024'),(1120,_binary '\0',2,'HP7920','B2410024'),(1121,_binary '\0',1,'HP5031','B2410024'),(1122,_binary '\0',5,'HP5195','B2410024'),(1123,_binary '\0',1,'HP4067','B2410024'),(1124,_binary '\0',4,'HP6823','B2410024'),(1125,_binary '\0',2,'HP4614','B2410024'),(1126,_binary '\0',1,'HP1848','B2410024'),(1127,_binary '\0',1,'HP7382','B2410024'),(1128,_binary '\0',1,'HP5967','B2410024'),(1129,_binary '\0',5,'HP6548','B2410024'),(1130,_binary '\0',2,'HP4219','B2410024'),(1131,_binary '\0',3,'HP7544','B2410024'),(1132,_binary '\0',3,'HP7096','B2410024'),(1133,_binary '\0',1,'HP7835','B2410024'),(1134,_binary '\0',4,'CT174','B2410025'),(1135,_binary '\0',1,'TC028','B2410025'),(1136,_binary '\0',5,'TN002','B2410025'),(1137,_binary '\0',2,'CT177','B2410025'),(1138,_binary '\0',2,'CT275','B2410025'),(1139,_binary '\0',2,'CT471','B2410025'),(1140,_binary '\0',2,'CT224','B2410025'),(1141,_binary '\0',5,'TC006','B2410025'),(1142,_binary '\0',4,'QP010','B2410025'),(1143,_binary '\0',4,'XH012','B2410025'),(1144,_binary '\0',4,'ML018','B2410025'),(1145,_binary '\0',4,'CT180','B2410025'),(1146,_binary '\0',2,'QP013','B2410025'),(1147,_binary '\0',5,'XH023','B2410025'),(1148,_binary '\0',3,'TN001','B2410025'),(1149,_binary '\0',1,'TC005','B2410025'),(1150,_binary '\0',4,'CT188','B2410025'),(1151,_binary '\0',2,'XH024','B2410025'),(1152,_binary '\0',3,'CT221','B2410025'),(1153,_binary '\0',5,'ML007','B2410025'),(1154,_binary '\0',2,'CT222','B2410025'),(1155,_binary '\0',2,'CT300','B2410025'),(1156,_binary '\0',4,'CT428','B2410025'),(1157,_binary '\0',4,'QP011','B2410025'),(1158,_binary '\0',1,'CT294','B2410025'),(1159,_binary '\0',1,'ML016','B2410025'),(1160,_binary '\0',3,'CT175','B2410025'),(1161,_binary '\0',4,'CT555','B2410025'),(1162,_binary '\0',1,'CT100','B2410025'),(1163,_binary '\0',2,'CT335','B2410025'),(1164,_binary '\0',4,'CT179','B2410025'),(1165,_binary '\0',5,'XH014','B2410025'),(1166,_binary '\0',2,'KN001','B2410025'),(1167,_binary '\0',5,'KL001','B2410025'),(1168,_binary '\0',1,'TN012','B2410025'),(1169,_binary '\0',3,'CT466','B2410025'),(1170,_binary '\0',3,'CT225','B2410025'),(1171,_binary '\0',5,'CT476','B2410025'),(1172,_binary '\0',4,'CT190','B2410025'),(1173,_binary '\0',3,'CT467','B2410025'),(1174,_binary '\0',4,'CT439','B2410025'),(1175,_binary '\0',1,'TC030','B2410025'),(1176,_binary '\0',1,'CT279','B2410025'),(1177,_binary '\0',1,'ML021','B2410025'),(1178,_binary '\0',1,'CT182','B2410025'),(1179,_binary '\0',1,'CT200','B2410025'),(1180,_binary '\0',3,'TN010','B2410025'),(1181,_binary '\0',5,'CT178','B2410025'),(1182,_binary '\0',3,'TC020','B2410025'),(1183,_binary '\0',1,'CT296','B2410025'),(1184,_binary '\0',4,'XH011','B2410025'),(1185,_binary '\0',2,'TC029','B2410025'),(1186,_binary '\0',1,'CT112','B2410025'),(1187,_binary '\0',2,'CT176','B2410025'),(1188,_binary '\0',5,'CT226','B2410025'),(1189,_binary '\0',5,'XH028','B2410025'),(1190,_binary '\0',1,'CT522','B2410025'),(1191,_binary '\0',3,'QP012','B2410025'),(1192,_binary '\0',5,'KN002','B2410025'),(1193,_binary '\0',2,'CT101','B2410025'),(1194,_binary '\0',1,'ML014','B2410025'),(1195,_binary '\0',2,'CT550','B2410025'),(1196,_binary '\0',2,'CT127','B2410025'),(1197,_binary '\0',1,'CT273','B2410025'),(1198,_binary '\0',1,'XH025','B2410025'),(1199,_binary '\0',3,'CT232','B2410025'),(1200,_binary '\0',4,'CT172','B2410025'),(1201,_binary '\0',5,'CT211','B2410025'),(1202,_binary '\0',5,'CT173','B2410025'),(1203,_binary '\0',2,'CT212','B2410026'),(1204,_binary '\0',1,'ML021','B2410026'),(1205,_binary '\0',5,'ML007','B2410026'),(1206,_binary '\0',2,'CT335','B2410026'),(1207,_binary '\0',1,'CT112','B2410026'),(1208,_binary '\0',3,'CT175','B2410026'),(1209,_binary '\0',1,'CT100','B2410026'),(1210,_binary '\0',2,'QP013','B2410026'),(1211,_binary '\0',1,'TC028','B2410026'),(1212,_binary '\0',1,'CT273','B2410026'),(1213,_binary '\0',5,'HP6545','B2410026'),(1214,_binary '\0',4,'HP1803','B2410026'),(1215,_binary '\0',1,'HP3668','B2410026'),(1216,_binary '\0',3,'HP2408','B2410026'),(1217,_binary '\0',5,'HP4071','B2410026'),(1218,_binary '\0',3,'HP1787','B2410026'),(1219,_binary '\0',1,'HP4643','B2410026'),(1220,_binary '\0',4,'HP7213','B2410026'),(1221,_binary '\0',3,'HP8959','B2410026'),(1222,_binary '\0',1,'HP6937','B2410026'),(1223,_binary '\0',1,'HP7927','B2410026'),(1224,_binary '\0',3,'HP7304','B2410026'),(1225,_binary '\0',2,'HP4638','B2410026'),(1226,_binary '\0',5,'HP8117','B2410026'),(1227,_binary '\0',3,'HP1961','B2410026'),(1228,_binary '\0',4,'HP1247','B2410026'),(1229,_binary '\0',4,'HP9442','B2410026'),(1230,_binary '\0',3,'HP3124','B2410026'),(1231,_binary '\0',1,'HP9984','B2410026'),(1232,_binary '\0',1,'HP6732','B2410026'),(1233,_binary '\0',3,'HP8087','B2410026'),(1234,_binary '\0',3,'HP8427','B2410026'),(1235,_binary '\0',1,'HP1594','B2410026'),(1236,_binary '\0',1,'HP9310','B2410026'),(1237,_binary '\0',2,'HP1470','B2410026'),(1238,_binary '\0',2,'HP7042','B2410026'),(1239,_binary '\0',2,'HP8235','B2410026'),(1240,_binary '\0',2,'HP9528','B2410026'),(1241,_binary '\0',5,'HP2418','B2410026'),(1242,_binary '\0',3,'HP7501','B2410026'),(1243,_binary '\0',3,'HP3011','B2410026'),(1244,_binary '\0',3,'HP3583','B2410026'),(1245,_binary '\0',4,'HP5097','B2410026'),(1246,_binary '\0',4,'HP4713','B2410026'),(1247,_binary '\0',3,'HP8754','B2410026'),(1248,_binary '\0',2,'HP9041','B2410026'),(1249,_binary '\0',5,'HP5449','B2410026'),(1250,_binary '\0',4,'HP9618','B2410026'),(1251,_binary '\0',3,'HP4059','B2410026'),(1252,_binary '\0',4,'HP3263','B2410026'),(1253,_binary '\0',5,'HP8045','B2410026'),(1254,_binary '\0',3,'HP4648','B2410026'),(1255,_binary '\0',3,'HP2785','B2410026'),(1256,_binary '\0',5,'HP6266','B2410026'),(1257,_binary '\0',5,'HP5770','B2410026'),(1258,_binary '\0',2,'HP8715','B2410026'),(1259,_binary '\0',1,'HP4086','B2410026'),(1260,_binary '\0',4,'HP4964','B2410026'),(1261,_binary '\0',3,'HP2144','B2410026'),(1262,_binary '\0',2,'HP6784','B2410026'),(1263,_binary '\0',5,'HP2470','B2410026'),(1264,_binary '\0',1,'HP8381','B2410026'),(1265,_binary '\0',5,'KL001','B2410027'),(1266,_binary '\0',5,'KN002','B2410027'),(1267,_binary '\0',1,'CT296','B2410027'),(1268,_binary '\0',4,'ML018','B2410027'),(1269,_binary '\0',4,'CT190','B2410027'),(1270,_binary '\0',3,'CT221','B2410027'),(1271,_binary '\0',2,'CT177','B2410027'),(1272,_binary '\0',5,'CT476','B2410027'),(1273,_binary '\0',2,'QP013','B2410027'),(1274,_binary '\0',1,'CT100','B2410027'),(1275,_binary '\0',5,'XH023','B2410027'),(1276,_binary '\0',4,'CT555','B2410027'),(1277,_binary '\0',2,'CT300','B2410027'),(1278,_binary '\0',4,'CT439','B2410027'),(1279,_binary '\0',1,'ML016','B2410027'),(1280,_binary '\0',2,'CT127','B2410027'),(1281,_binary '\0',4,'CT428','B2410027'),(1282,_binary '\0',1,'CT279','B2410027'),(1283,_binary '\0',1,'CT294','B2410027'),(1284,_binary '\0',1,'TC028','B2410027'),(1285,_binary '\0',3,'TN010','B2410027'),(1286,_binary '\0',1,'TN012','B2410027'),(1287,_binary '\0',4,'QP010','B2410027'),(1288,_binary '\0',3,'TC020','B2410027'),(1289,_binary '\0',2,'CT212','B2410027'),(1290,_binary '\0',1,'CT200','B2410027'),(1291,_binary '\0',2,'CT550','B2410027'),(1292,_binary '\0',4,'XH011','B2410027'),(1293,_binary '\0',5,'CT211','B2410027'),(1294,_binary '\0',4,'CT293','B2410027'),(1295,_binary '\0',5,'CT178','B2410027'),(1296,_binary '\0',4,'QP011','B2410027'),(1297,_binary '\0',1,'CT522','B2410027'),(1298,_binary '\0',4,'CT179','B2410027'),(1299,_binary '\0',1,'CT273','B2410027'),(1300,_binary '\0',3,'CT175','B2410027'),(1301,_binary '\0',5,'HP2456','B2410027'),(1302,_binary '\0',4,'HP8276','B2410027'),(1303,_binary '\0',4,'HP8528','B2410027'),(1304,_binary '\0',3,'HP2684','B2410027'),(1305,_binary '\0',3,'HP3540','B2410027'),(1306,_binary '\0',2,'HP2646','B2410027'),(1307,_binary '\0',3,'HP5683','B2410027'),(1308,_binary '\0',2,'HP3447','B2410027'),(1309,_binary '\0',4,'HP2006','B2410027'),(1310,_binary '\0',3,'HP6330','B2410027'),(1311,_binary '\0',2,'HP2429','B2410027'),(1312,_binary '\0',5,'HP6430','B2410027'),(1313,_binary '\0',1,'HP5581','B2410027'),(1314,_binary '\0',4,'HP7715','B2410027'),(1315,_binary '\0',3,'HP6214','B2410027'),(1316,_binary '\0',1,'HP2882','B2410027'),(1317,_binary '\0',2,'HP1350','B2410027'),(1318,_binary '\0',2,'HP3354','B2410027'),(1319,_binary '\0',5,'HP4708','B2410027'),(1320,_binary '\0',1,'HP5230','B2410027'),(1321,_binary '\0',4,'HP1229','B2410027'),(1322,_binary '\0',4,'HP2419','B2410027'),(1323,_binary '\0',1,'HP9017','B2410027'),(1324,_binary '\0',1,'CT182','B2410028'),(1325,_binary '\0',5,'CT226','B2410028'),(1326,_binary '\0',2,'CT212','B2410028'),(1327,_binary '\0',5,'XH028','B2410028'),(1328,_binary '\0',4,'CT188','B2410028'),(1329,_binary '\0',1,'CT100','B2410028'),(1330,_binary '\0',2,'XH024','B2410028'),(1331,_binary '\0',1,'CT294','B2410028'),(1332,_binary '\0',1,'ML014','B2410028'),(1333,_binary '\0',4,'ML019','B2410028'),(1334,_binary '\0',5,'CT211','B2410028'),(1335,_binary '\0',2,'KN001','B2410028'),(1336,_binary '\0',1,'CT200','B2410028'),(1337,_binary '\0',1,'CT296','B2410028'),(1338,_binary '\0',5,'KL001','B2410028'),(1339,_binary '\0',3,'CT232','B2410028'),(1340,_binary '\0',2,'CT127','B2410028'),(1341,_binary '\0',2,'CT471','B2410028'),(1342,_binary '\0',3,'CT225','B2410028'),(1343,_binary '\0',3,'TC020','B2410028'),(1344,_binary '\0',1,'TN012','B2410028'),(1345,_binary '\0',4,'ML018','B2410028'),(1346,_binary '\0',4,'CT555','B2410028'),(1347,_binary '\0',5,'KN002','B2410028'),(1348,_binary '\0',4,'QP011','B2410028'),(1349,_binary '\0',5,'CT178','B2410028'),(1350,_binary '\0',2,'CT271','B2410028'),(1351,_binary '\0',2,'CT550','B2410028'),(1352,_binary '\0',3,'TN010','B2410028'),(1353,_binary '\0',1,'TC005','B2410028'),(1354,_binary '\0',1,'TC028','B2410028'),(1355,_binary '\0',4,'CT293','B2410028'),(1356,_binary '\0',4,'CT174','B2410028'),(1357,_binary '\0',3,'TN001','B2410028'),(1358,_binary '\0',4,'CT179','B2410028'),(1359,_binary '\0',5,'CT476','B2410028'),(1360,_binary '\0',1,'ML016','B2410028'),(1361,_binary '\0',2,'CT335','B2410028'),(1362,_binary '\0',4,'QP010','B2410028'),(1363,_binary '\0',2,'QP013','B2410028'),(1364,_binary '\0',2,'CT300','B2410028'),(1365,_binary '\0',5,'TC006','B2410028'),(1366,_binary '\0',2,'CT101','B2410028'),(1367,_binary '\0',3,'CT221','B2410028'),(1368,_binary '\0',1,'XH025','B2410028'),(1369,_binary '\0',2,'CT224','B2410028'),(1370,_binary '\0',1,'CT112','B2410028'),(1371,_binary '\0',5,'ML007','B2410028'),(1372,_binary '\0',4,'CT190','B2410028'),(1373,_binary '\0',3,'CT467','B2410028'),(1374,_binary '\0',4,'CT439','B2410028'),(1375,_binary '\0',1,'CT522','B2410028'),(1376,_binary '\0',1,'CT279','B2410028'),(1377,_binary '\0',2,'TC029','B2410028'),(1378,_binary '\0',2,'CT176','B2410028'),(1379,_binary '\0',4,'XH011','B2410028'),(1380,_binary '\0',4,'CT428','B2410028'),(1381,_binary '\0',4,'CT172','B2410028'),(1382,_binary '\0',5,'CT173','B2410028'),(1383,_binary '\0',5,'XH014','B2410028'),(1384,_binary '\0',4,'CT180','B2410028'),(1385,_binary '\0',3,'CT175','B2410028'),(1386,_binary '\0',1,'CT273','B2410028'),(1387,_binary '\0',3,'HP7105','B2410028'),(1388,_binary '\0',2,'CT335','B2410029'),(1389,_binary '\0',1,'ML021','B2410029'),(1390,_binary '\0',1,'CT294','B2410029'),(1391,_binary '\0',1,'CT200','B2410029'),(1392,_binary '\0',4,'XH012','B2410029'),(1393,_binary '\0',3,'TN010','B2410029'),(1394,_binary '\0',5,'TC006','B2410029'),(1395,_binary '\0',2,'XH024','B2410029'),(1396,_binary '\0',5,'XH014','B2410029'),(1397,_binary '\0',4,'QP010','B2410029'),(1398,_binary '\0',2,'CT177','B2410029'),(1399,_binary '\0',3,'TN001','B2410029'),(1400,_binary '\0',4,'CT428','B2410029'),(1401,_binary '\0',5,'CT211','B2410029'),(1402,_binary '\0',5,'ML007','B2410029'),(1403,_binary '\0',2,'CT275','B2410029'),(1404,_binary '\0',2,'CT271','B2410029'),(1405,_binary '\0',2,'CT212','B2410029'),(1406,_binary '\0',4,'CT179','B2410029'),(1407,_binary '\0',2,'CT224','B2410029'),(1408,_binary '\0',1,'XH025','B2410029'),(1409,_binary '\0',4,'CT188','B2410029'),(1410,_binary '\0',3,'CT467','B2410029'),(1411,_binary '\0',5,'XH023','B2410029'),(1412,_binary '\0',3,'CT225','B2410029'),(1413,_binary '\0',4,'ML018','B2410029'),(1414,_binary '\0',4,'CT190','B2410029'),(1415,_binary '\0',3,'CT221','B2410029'),(1416,_binary '\0',5,'CT178','B2410029'),(1417,_binary '\0',4,'CT439','B2410029'),(1418,_binary '\0',2,'CT176','B2410029'),(1419,_binary '\0',1,'ML016','B2410029'),(1420,_binary '\0',1,'CT279','B2410029'),(1421,_binary '\0',2,'CT127','B2410029'),(1422,_binary '\0',2,'CT101','B2410029'),(1423,_binary '\0',2,'CT300','B2410029'),(1424,_binary '\0',1,'CT112','B2410029'),(1425,_binary '\0',3,'CT175','B2410029'),(1426,_binary '\0',4,'CT555','B2410029'),(1427,_binary '\0',5,'HP3768','B2410029'),(1428,_binary '\0',2,'HP6954','B2410029'),(1429,_binary '\0',5,'HP4147','B2410029'),(1430,_binary '\0',3,'HP6087','B2410029'),(1431,_binary '\0',3,'HP5183','B2410029'),(1432,_binary '\0',4,'HP5287','B2410029'),(1433,_binary '\0',3,'HP3498','B2410029'),(1434,_binary '\0',1,'HP3100','B2410029'),(1435,_binary '\0',2,'HP8201','B2410029'),(1436,_binary '\0',5,'HP1618','B2410029'),(1437,_binary '\0',2,'HP8493','B2410029'),(1438,_binary '\0',4,'HP7033','B2410029'),(1439,_binary '\0',2,'HP9739','B2410029'),(1440,_binary '\0',2,'HP2540','B2410029'),(1441,_binary '\0',4,'HP7687','B2410029'),(1442,_binary '\0',4,'HP9411','B2410029'),(1443,_binary '\0',5,'HP6693','B2410029'),(1444,_binary '\0',5,'HP5286','B2410029'),(1445,_binary '\0',4,'HP4745','B2410029'),(1446,_binary '\0',5,'HP1277','B2410029'),(1447,_binary '\0',5,'HP5978','B2410029'),(1448,_binary '\0',3,'HP1314','B2410029'),(1449,_binary '\0',4,'HP8288','B2410029'),(1450,_binary '\0',3,'HP6814','B2410029'),(1451,_binary '\0',1,'HP5576','B2410029'),(1452,_binary '\0',1,'TC005','B2410030'),(1453,_binary '\0',4,'CT293','B2410030'),(1454,_binary '\0',2,'CT550','B2410030'),(1455,_binary '\0',4,'ML019','B2410030'),(1456,_binary '\0',2,'CT177','B2410030'),(1457,_binary '\0',2,'CT271','B2410030'),(1458,_binary '\0',5,'CT178','B2410030'),(1459,_binary '\0',5,'CT211','B2410030'),(1460,_binary '\0',3,'CT221','B2410030'),(1461,_binary '\0',1,'CT279','B2410030'),(1462,_binary '\0',4,'CT439','B2410030'),(1463,_binary '\0',1,'ML014','B2410030'),(1464,_binary '\0',1,'CT182','B2410030'),(1465,_binary '\0',2,'CT471','B2410030'),(1466,_binary '\0',1,'CT200','B2410030'),(1467,_binary '\0',1,'CT522','B2410030'),(1468,_binary '\0',4,'ML018','B2410030'),(1469,_binary '\0',5,'KL001','B2410030'),(1470,_binary '\0',3,'CT175','B2410030'),(1471,_binary '\0',2,'CT224','B2410030'),(1472,_binary '\0',1,'TN012','B2410030'),(1473,_binary '\0',1,'CT273','B2410030'),(1474,_binary '\0',5,'CT226','B2410030'),(1475,_binary '\0',2,'CT212','B2410030'),(1476,_binary '\0',2,'CT300','B2410030'),(1477,_binary '\0',1,'CT100','B2410030'),(1478,_binary '\0',2,'TC029','B2410030'),(1479,_binary '\0',4,'XH011','B2410030'),(1480,_binary '\0',5,'XH028','B2410030'),(1481,_binary '\0',3,'CT225','B2410030'),(1482,_binary '\0',3,'TC020','B2410030'),(1483,_binary '\0',5,'XH014','B2410030'),(1484,_binary '\0',2,'CT275','B2410030'),(1485,_binary '\0',1,'ML016','B2410030'),(1486,_binary '\0',4,'CT188','B2410030'),(1487,_binary '\0',1,'TC030','B2410030'),(1488,_binary '\0',1,'CT112','B2410030'),(1489,_binary '\0',4,'CT180','B2410030'),(1490,_binary '\0',2,'CT127','B2410030'),(1491,_binary '\0',4,'CT172','B2410030'),(1492,_binary '\0',2,'QP013','B2410030'),(1493,_binary '\0',1,'CT294','B2410030'),(1494,_binary '\0',2,'CT101','B2410030'),(1495,_binary '\0',5,'XH023','B2410030'),(1496,_binary '\0',1,'TC028','B2410030'),(1497,_binary '\0',2,'CT222','B2410030'),(1498,_binary '\0',5,'CT173','B2410030'),(1499,_binary '\0',3,'TN010','B2410030'),(1500,_binary '\0',3,'CT232','B2410030'),(1501,_binary '\0',4,'CT179','B2410030'),(1502,_binary '\0',1,'XH025','B2410030'),(1503,_binary '\0',3,'TN001','B2410030'),(1504,_binary '\0',4,'XH012','B2410030'),(1505,_binary '\0',4,'QP011','B2410030'),(1506,_binary '\0',4,'CT428','B2410030'),(1507,_binary '\0',2,'XH024','B2410030'),(1508,_binary '\0',3,'CT466','B2410030'),(1509,_binary '\0',4,'QP010','B2410030'),(1510,_binary '\0',3,'HP6554','B2410030'),(1511,_binary '\0',2,'HP2819','B2410030'),(1512,_binary '\0',3,'HP5869','B2410030'),(1513,_binary '\0',5,'HP8212','B2410030'),(1514,_binary '\0',1,'HP1758','B2410030'),(1515,_binary '\0',4,'HP2651','B2410030'),(1516,_binary '\0',1,'TN012','B2410031'),(1517,_binary '\0',5,'XH023','B2410031'),(1518,_binary '\0',1,'XH025','B2410031'),(1519,_binary '\0',4,'QP011','B2410031'),(1520,_binary '\0',2,'CT471','B2410031'),(1521,_binary '\0',4,'CT428','B2410031'),(1522,_binary '\0',4,'CT174','B2410031'),(1523,_binary '\0',1,'TC005','B2410031'),(1524,_binary '\0',1,'TC030','B2410031'),(1525,_binary '\0',1,'CT273','B2410031'),(1526,_binary '\0',1,'CT100','B2410031'),(1527,_binary '\0',4,'CT555','B2410031'),(1528,_binary '\0',4,'CT179','B2410031'),(1529,_binary '\0',3,'CT466','B2410031'),(1530,_binary '\0',2,'QP013','B2410031'),(1531,_binary '\0',5,'CT211','B2410031'),(1532,_binary '\0',4,'CT172','B2410031'),(1533,_binary '\0',5,'CT226','B2410031'),(1534,_binary '\0',2,'CT101','B2410031'),(1535,_binary '\0',5,'CT476','B2410031'),(1536,_binary '\0',2,'CT127','B2410031'),(1537,_binary '\0',4,'XH012','B2410031'),(1538,_binary '\0',3,'CT221','B2410031'),(1539,_binary '\0',5,'HP6773','B2410031'),(1540,_binary '\0',1,'HP4231','B2410031'),(1541,_binary '\0',2,'HP2596','B2410031'),(1542,_binary '\0',5,'HP6602','B2410031'),(1543,_binary '\0',5,'HP5683','B2410031'),(1544,_binary '\0',4,'HP7746','B2410031'),(1545,_binary '\0',4,'HP3555','B2410031'),(1546,_binary '\0',2,'HP9806','B2410031'),(1547,_binary '\0',4,'HP6920','B2410031'),(1548,_binary '\0',4,'HP6103','B2410031'),(1549,_binary '\0',3,'HP6654','B2410031'),(1550,_binary '\0',2,'HP5262','B2410031'),(1551,_binary '\0',3,'HP7912','B2410031'),(1552,_binary '\0',1,'HP6562','B2410031'),(1553,_binary '\0',4,'HP3351','B2410031'),(1554,_binary '\0',3,'HP2995','B2410031'),(1555,_binary '\0',5,'HP9043','B2410031'),(1556,_binary '\0',4,'HP5619','B2410031'),(1557,_binary '\0',2,'HP6501','B2410031'),(1558,_binary '\0',4,'HP7036','B2410031'),(1559,_binary '\0',1,'HP1376','B2410031'),(1560,_binary '\0',5,'HP4547','B2410031'),(1561,_binary '\0',3,'HP8415','B2410031'),(1562,_binary '\0',4,'HP3578','B2410031'),(1563,_binary '\0',1,'HP1362','B2410031'),(1564,_binary '\0',5,'HP8080','B2410031'),(1565,_binary '\0',5,'HP5548','B2410031'),(1566,_binary '\0',2,'HP1019','B2410031'),(1567,_binary '\0',2,'HP4803','B2410031'),(1568,_binary '\0',5,'HP1698','B2410031'),(1569,_binary '\0',1,'HP8401','B2410031'),(1570,_binary '\0',3,'HP8807','B2410031'),(1571,_binary '\0',2,'HP9738','B2410031'),(1572,_binary '\0',4,'HP5014','B2410031'),(1573,_binary '\0',4,'HP9589','B2410031'),(1574,_binary '\0',5,'HP7239','B2410031'),(1575,_binary '\0',5,'HP8238','B2410031'),(1576,_binary '\0',5,'CT178','B2410032'),(1577,_binary '\0',3,'CT225','B2410032'),(1578,_binary '\0',3,'TN001','B2410032'),(1579,_binary '\0',4,'QP010','B2410032'),(1580,_binary '\0',2,'CT550','B2410032'),(1581,_binary '\0',4,'CT172','B2410032'),(1582,_binary '\0',2,'CT222','B2410032'),(1583,_binary '\0',2,'CT271','B2410032'),(1584,_binary '\0',5,'CT211','B2410032'),(1585,_binary '\0',1,'ML014','B2410032'),(1586,_binary '\0',2,'QP013','B2410032'),(1587,_binary '\0',5,'ML007','B2410032'),(1588,_binary '\0',3,'CT467','B2410032'),(1589,_binary '\0',3,'CT175','B2410032'),(1590,_binary '\0',5,'CT226','B2410032'),(1591,_binary '\0',2,'CT212','B2410032'),(1592,_binary '\0',4,'CT180','B2410032'),(1593,_binary '\0',1,'CT279','B2410032'),(1594,_binary '\0',1,'CT296','B2410032'),(1595,_binary '\0',5,'XH028','B2410032'),(1596,_binary '\0',5,'KL001','B2410032'),(1597,_binary '\0',3,'CT466','B2410032'),(1598,_binary '\0',5,'TN002','B2410032'),(1599,_binary '\0',1,'TC005','B2410032'),(1600,_binary '\0',1,'TC030','B2410032'),(1601,_binary '\0',2,'CT177','B2410032'),(1602,_binary '\0',5,'KN002','B2410032'),(1603,_binary '\0',1,'CT112','B2410032'),(1604,_binary '\0',5,'TC006','B2410032'),(1605,_binary '\0',4,'XH012','B2410032'),(1606,_binary '\0',2,'CT275','B2410032'),(1607,_binary '\0',2,'CT300','B2410032'),(1608,_binary '\0',5,'CT476','B2410032'),(1609,_binary '\0',1,'TN012','B2410032'),(1610,_binary '\0',4,'XH011','B2410032'),(1611,_binary '\0',4,'ML018','B2410032'),(1612,_binary '\0',4,'CT179','B2410032'),(1613,_binary '\0',4,'CT293','B2410032'),(1614,_binary '\0',1,'XH025','B2410032'),(1615,_binary '\0',3,'QP012','B2410032'),(1616,_binary '\0',4,'CT188','B2410032'),(1617,_binary '\0',1,'CT182','B2410032'),(1618,_binary '\0',4,'ML019','B2410032'),(1619,_binary '\0',1,'CT522','B2410032'),(1620,_binary '\0',4,'QP011','B2410032'),(1621,_binary '\0',5,'XH023','B2410032'),(1622,_binary '\0',2,'TC029','B2410032'),(1623,_binary '\0',2,'KN001','B2410032'),(1624,_binary '\0',3,'TC020','B2410032'),(1625,_binary '\0',1,'CT100','B2410032'),(1626,_binary '\0',3,'CT232','B2410032'),(1627,_binary '\0',5,'CT173','B2410032'),(1628,_binary '\0',2,'CT127','B2410032'),(1629,_binary '\0',2,'CT101','B2410032'),(1630,_binary '\0',3,'CT221','B2410032'),(1631,_binary '\0',2,'CT224','B2410032'),(1632,_binary '\0',5,'XH014','B2410032'),(1633,_binary '\0',1,'ML021','B2410032'),(1634,_binary '\0',2,'CT335','B2410032'),(1635,_binary '\0',2,'CT471','B2410032'),(1636,_binary '\0',1,'ML016','B2410032'),(1637,_binary '\0',2,'CT177','B2410033'),(1638,_binary '\0',1,'CT112','B2410033'),(1639,_binary '\0',5,'CT226','B2410033'),(1640,_binary '\0',2,'TC029','B2410033'),(1641,_binary '\0',1,'CT182','B2410033'),(1642,_binary '\0',4,'ML018','B2410033'),(1643,_binary '\0',5,'XH028','B2410033'),(1644,_binary '\0',2,'XH024','B2410033'),(1645,_binary '\0',4,'CT188','B2410033'),(1646,_binary '\0',2,'QP013','B2410033'),(1647,_binary '\0',4,'CT293','B2410033'),(1648,_binary '\0',4,'XH012','B2410033'),(1649,_binary '\0',3,'CT175','B2410033'),(1650,_binary '\0',4,'CT172','B2410033'),(1651,_binary '\0',2,'CT127','B2410033'),(1652,_binary '\0',3,'CT221','B2410033'),(1653,_binary '\0',4,'CT439','B2410033'),(1654,_binary '\0',3,'CT232','B2410033'),(1655,_binary '\0',5,'CT476','B2410033'),(1656,_binary '\0',5,'XH014','B2410033'),(1657,_binary '\0',2,'CT212','B2410033'),(1658,_binary '\0',1,'TC005','B2410033'),(1659,_binary '\0',2,'CT271','B2410033'),(1660,_binary '\0',5,'CT173','B2410033'),(1661,_binary '\0',1,'XH025','B2410033'),(1662,_binary '\0',2,'CT222','B2410033'),(1663,_binary '\0',5,'XH023','B2410033'),(1664,_binary '\0',2,'CT335','B2410033'),(1665,_binary '\0',4,'ML019','B2410033'),(1666,_binary '\0',3,'TC020','B2410033'),(1667,_binary '\0',4,'HP5919','B2410033'),(1668,_binary '\0',1,'HP6297','B2410033'),(1669,_binary '\0',1,'HP9155','B2410033'),(1670,_binary '\0',3,'HP3974','B2410033'),(1671,_binary '\0',5,'HP9865','B2410033'),(1672,_binary '\0',2,'HP2724','B2410033'),(1673,_binary '\0',2,'HP8239','B2410033'),(1674,_binary '\0',3,'HP7358','B2410033'),(1675,_binary '\0',3,'HP2786','B2410033'),(1676,_binary '\0',2,'HP4387','B2410033'),(1677,_binary '\0',5,'HP2059','B2410033'),(1678,_binary '\0',4,'HP6985','B2410033'),(1679,_binary '\0',5,'HP6544','B2410033'),(1680,_binary '\0',5,'HP2007','B2410033'),(1681,_binary '\0',5,'HP5590','B2410033'),(1682,_binary '\0',1,'HP5718','B2410033'),(1683,_binary '\0',3,'HP2313','B2410033'),(1684,_binary '\0',3,'HP2128','B2410033'),(1685,_binary '\0',5,'HP6785','B2410033'),(1686,_binary '\0',4,'HP1724','B2410033'),(1687,_binary '\0',3,'HP2776','B2410033'),(1688,_binary '\0',5,'HP6349','B2410033'),(1689,_binary '\0',2,'HP9060','B2410033'),(1690,_binary '\0',3,'HP4079','B2410033'),(1691,_binary '\0',2,'HP2440','B2410033'),(1692,_binary '\0',3,'HP2499','B2410033'),(1693,_binary '\0',4,'HP6100','B2410033'),(1694,_binary '\0',2,'HP2915','B2410033'),(1695,_binary '\0',1,'ML016','B2410034'),(1696,_binary '\0',1,'CT200','B2410034'),(1697,_binary '\0',4,'CT293','B2410034'),(1698,_binary '\0',4,'CT428','B2410034'),(1699,_binary '\0',5,'KL001','B2410034'),(1700,_binary '\0',1,'TC028','B2410034'),(1701,_binary '\0',3,'CT175','B2410034'),(1702,_binary '\0',4,'XH011','B2410034'),(1703,_binary '\0',4,'CT188','B2410034'),(1704,_binary '\0',2,'CT212','B2410034'),(1705,_binary '\0',1,'CT112','B2410034'),(1706,_binary '\0',2,'CT177','B2410034'),(1707,_binary '\0',2,'KN001','B2410034'),(1708,_binary '\0',1,'ML021','B2410034'),(1709,_binary '\0',1,'CT100','B2410034'),(1710,_binary '\0',3,'CT466','B2410034'),(1711,_binary '\0',3,'TC020','B2410034'),(1712,_binary '\0',2,'TC029','B2410034'),(1713,_binary '\0',5,'ML007','B2410034'),(1714,_binary '\0',4,'CT179','B2410034'),(1715,_binary '\0',3,'CT225','B2410034'),(1716,_binary '\0',1,'CT522','B2410034'),(1717,_binary '\0',4,'QP010','B2410034'),(1718,_binary '\0',1,'CT279','B2410034'),(1719,_binary '\0',1,'XH025','B2410034'),(1720,_binary '\0',4,'QP011','B2410034'),(1721,_binary '\0',1,'CT182','B2410034'),(1722,_binary '\0',3,'TN010','B2410034'),(1723,_binary '\0',3,'CT467','B2410034'),(1724,_binary '\0',2,'CT101','B2410034'),(1725,_binary '\0',4,'XH012','B2410034'),(1726,_binary '\0',5,'CT178','B2410034'),(1727,_binary '\0',5,'KN002','B2410034'),(1728,_binary '\0',1,'CT273','B2410034'),(1729,_binary '\0',1,'TC005','B2410034'),(1730,_binary '\0',3,'CT232','B2410034'),(1731,_binary '\0',4,'CT174','B2410034'),(1732,_binary '\0',4,'ML018','B2410034'),(1733,_binary '\0',2,'QP013','B2410034'),(1734,_binary '\0',5,'TC006','B2410034'),(1735,_binary '\0',5,'XH014','B2410034'),(1736,_binary '\0',2,'CT127','B2410034'),(1737,_binary '\0',4,'CT172','B2410034'),(1738,_binary '\0',5,'CT226','B2410034'),(1739,_binary '\0',5,'TN002','B2410034'),(1740,_binary '\0',5,'XH023','B2410034'),(1741,_binary '\0',5,'CT173','B2410034'),(1742,_binary '\0',1,'ML014','B2410034'),(1743,_binary '\0',2,'XH024','B2410034'),(1744,_binary '\0',2,'CT271','B2410034'),(1745,_binary '\0',4,'CT180','B2410034'),(1746,_binary '\0',2,'CT222','B2410034'),(1747,_binary '\0',1,'TC030','B2410034'),(1748,_binary '\0',5,'XH028','B2410034'),(1749,_binary '\0',4,'CT439','B2410034'),(1750,_binary '\0',3,'QP012','B2410034'),(1751,_binary '\0',4,'CT190','B2410034'),(1752,_binary '\0',5,'CT476','B2410034'),(1753,_binary '\0',5,'CT211','B2410034'),(1754,_binary '\0',2,'CT471','B2410034'),(1755,_binary '\0',2,'HP5446','B2410034'),(1756,_binary '\0',1,'HP8493','B2410034'),(1757,_binary '\0',2,'XH024','B2410035'),(1758,_binary '\0',4,'XH011','B2410035'),(1759,_binary '\0',2,'CT101','B2410035'),(1760,_binary '\0',3,'CT225','B2410035'),(1761,_binary '\0',1,'ML014','B2410035'),(1762,_binary '\0',4,'CT180','B2410035'),(1763,_binary '\0',4,'CT555','B2410035'),(1764,_binary '\0',5,'XH014','B2410035'),(1765,_binary '\0',2,'CT471','B2410035'),(1766,_binary '\0',1,'CT100','B2410035'),(1767,_binary '\0',1,'TN012','B2410035'),(1768,_binary '\0',4,'XH012','B2410035'),(1769,_binary '\0',4,'CT174','B2410035'),(1770,_binary '\0',2,'CT127','B2410035'),(1771,_binary '\0',3,'CT466','B2410035'),(1772,_binary '\0',5,'XH023','B2410035'),(1773,_binary '\0',5,'CT173','B2410035'),(1774,_binary '\0',1,'TC005','B2410035'),(1775,_binary '\0',1,'TC028','B2410035'),(1776,_binary '\0',2,'CT224','B2410035'),(1777,_binary '\0',3,'CT232','B2410035'),(1778,_binary '\0',1,'ML021','B2410035'),(1779,_binary '\0',1,'CT522','B2410035'),(1780,_binary '\0',2,'CT300','B2410035'),(1781,_binary '\0',4,'QP011','B2410035'),(1782,_binary '\0',3,'CT467','B2410035'),(1783,_binary '\0',1,'XH025','B2410035'),(1784,_binary '\0',1,'CT182','B2410035'),(1785,_binary '\0',1,'CT296','B2410035'),(1786,_binary '\0',1,'CT273','B2410035'),(1787,_binary '\0',4,'ML019','B2410035'),(1788,_binary '\0',4,'ML018','B2410035'),(1789,_binary '\0',2,'KN001','B2410035'),(1790,_binary '\0',3,'TC020','B2410035'),(1791,_binary '\0',2,'CT177','B2410035'),(1792,_binary '\0',3,'CT175','B2410035'),(1793,_binary '\0',5,'KL001','B2410035'),(1794,_binary '\0',5,'ML007','B2410035'),(1795,_binary '\0',2,'CT275','B2410035'),(1796,_binary '\0',1,'CT200','B2410035'),(1797,_binary '\0',5,'CT178','B2410035'),(1798,_binary '\0',4,'QP010','B2410035'),(1799,_binary '\0',2,'CT212','B2410035'),(1800,_binary '\0',2,'TC029','B2410035'),(1801,_binary '\0',1,'CT294','B2410035'),(1802,_binary '\0',3,'QP012','B2410035'),(1803,_binary '\0',4,'CT179','B2410035'),(1804,_binary '\0',1,'TC030','B2410035'),(1805,_binary '\0',3,'CT221','B2410035'),(1806,_binary '\0',3,'TN001','B2410035'),(1807,_binary '\0',4,'CT188','B2410035'),(1808,_binary '\0',4,'CT190','B2410035'),(1809,_binary '\0',2,'QP013','B2410035'),(1810,_binary '\0',3,'TN010','B2410035'),(1811,_binary '\0',2,'CT222','B2410035'),(1812,_binary '\0',1,'CT112','B2410035'),(1813,_binary '\0',4,'CT439','B2410035'),(1814,_binary '\0',2,'CT176','B2410035'),(1815,_binary '\0',2,'CT271','B2410035'),(1816,_binary '\0',4,'CT428','B2410035'),(1817,_binary '\0',2,'HP5416','B2410035'),(1818,_binary '\0',2,'HP8029','B2410035'),(1819,_binary '\0',3,'HP8191','B2410035'),(1820,_binary '\0',1,'HP3866','B2410035'),(1821,_binary '\0',3,'CT225','B2410036'),(1822,_binary '\0',1,'ML016','B2410036'),(1823,_binary '\0',1,'XH025','B2410036'),(1824,_binary '\0',4,'CT188','B2410036'),(1825,_binary '\0',1,'TC028','B2410036'),(1826,_binary '\0',5,'CT226','B2410036'),(1827,_binary '\0',3,'TN001','B2410036'),(1828,_binary '\0',1,'CT294','B2410036'),(1829,_binary '\0',1,'CT279','B2410036'),(1830,_binary '\0',4,'CT439','B2410036'),(1831,_binary '\0',4,'CT190','B2410036'),(1832,_binary '\0',2,'CT271','B2410036'),(1833,_binary '\0',3,'CT466','B2410036'),(1834,_binary '\0',5,'KN002','B2410036'),(1835,_binary '\0',2,'XH024','B2410036'),(1836,_binary '\0',5,'XH023','B2410036'),(1837,_binary '\0',3,'CT175','B2410036'),(1838,_binary '\0',4,'QP011','B2410036'),(1839,_binary '\0',2,'CT300','B2410036'),(1840,_binary '\0',3,'CT232','B2410036'),(1841,_binary '\0',2,'CT101','B2410036'),(1842,_binary '\0',1,'CT112','B2410036'),(1843,_binary '\0',4,'CT293','B2410036'),(1844,_binary '\0',2,'CT127','B2410036'),(1845,_binary '\0',5,'XH014','B2410036'),(1846,_binary '\0',1,'CT200','B2410036'),(1847,_binary '\0',1,'ML014','B2410036'),(1848,_binary '\0',4,'CT179','B2410036'),(1849,_binary '\0',4,'QP010','B2410036'),(1850,_binary '\0',5,'CT173','B2410036'),(1851,_binary '\0',4,'CT428','B2410036'),(1852,_binary '\0',3,'CT467','B2410036'),(1853,_binary '\0',3,'CT221','B2410036'),(1854,_binary '\0',2,'CT471','B2410036'),(1855,_binary '\0',1,'CT100','B2410036'),(1856,_binary '\0',1,'TC030','B2410036'),(1857,_binary '\0',2,'CT550','B2410036'),(1858,_binary '\0',2,'CT275','B2410036'),(1859,_binary '\0',4,'XH012','B2410036'),(1860,_binary '\0',3,'TN010','B2410036'),(1861,_binary '\0',4,'CT180','B2410036'),(1862,_binary '\0',1,'TC005','B2410036'),(1863,_binary '\0',1,'CT273','B2410036'),(1864,_binary '\0',5,'XH028','B2410036'),(1865,_binary '\0',5,'KL001','B2410036'),(1866,_binary '\0',1,'TN012','B2410036'),(1867,_binary '\0',1,'HP9042','B2410036'),(1868,_binary '\0',5,'HP5785','B2410036'),(1869,_binary '\0',2,'HP4238','B2410036'),(1870,_binary '\0',2,'HP3085','B2410036'),(1871,_binary '\0',3,'HP9899','B2410036'),(1872,_binary '\0',4,'HP6770','B2410036'),(1873,_binary '\0',5,'HP6804','B2410036'),(1874,_binary '\0',1,'HP3265','B2410036'),(1875,_binary '\0',5,'HP2335','B2410036'),(1876,_binary '\0',2,'HP5121','B2410036'),(1877,_binary '\0',5,'HP6451','B2410036'),(1878,_binary '\0',1,'HP1493','B2410036'),(1879,_binary '\0',2,'HP8521','B2410036'),(1880,_binary '\0',1,'HP3750','B2410036'),(1881,_binary '\0',4,'HP4085','B2410036'),(1882,_binary '\0',1,'HP7031','B2410036'),(1883,_binary '\0',5,'ML007','B2410037'),(1884,_binary '\0',4,'XH012','B2410037'),(1885,_binary '\0',2,'CT222','B2410037'),(1886,_binary '\0',1,'CT522','B2410037'),(1887,_binary '\0',5,'TC006','B2410037'),(1888,_binary '\0',3,'CT232','B2410037'),(1889,_binary '\0',1,'CT294','B2410037'),(1890,_binary '\0',2,'CT271','B2410037'),(1891,_binary '\0',3,'CT221','B2410037'),(1892,_binary '\0',1,'ML014','B2410037'),(1893,_binary '\0',5,'XH014','B2410037'),(1894,_binary '\0',1,'TC005','B2410037'),(1895,_binary '\0',4,'CT188','B2410037'),(1896,_binary '\0',3,'HP1672','B2410037'),(1897,_binary '\0',4,'HP7441','B2410037'),(1898,_binary '\0',4,'HP6561','B2410037'),(1899,_binary '\0',1,'HP8650','B2410037'),(1900,_binary '\0',3,'HP6580','B2410037'),(1901,_binary '\0',5,'HP6533','B2410037'),(1902,_binary '\0',4,'HP3274','B2410037'),(1903,_binary '\0',2,'HP6377','B2410037'),(1904,_binary '\0',2,'HP6823','B2410037'),(1905,_binary '\0',4,'HP5352','B2410037'),(1906,_binary '\0',1,'HP5903','B2410037'),(1907,_binary '\0',3,'HP9695','B2410037'),(1908,_binary '\0',4,'HP3112','B2410037'),(1909,_binary '\0',5,'HP4093','B2410037'),(1910,_binary '\0',3,'HP6858','B2410037'),(1911,_binary '\0',5,'HP3720','B2410037'),(1912,_binary '\0',3,'HP9318','B2410037'),(1913,_binary '\0',1,'HP9027','B2410037'),(1914,_binary '\0',1,'HP4386','B2410037'),(1915,_binary '\0',5,'HP2426','B2410037'),(1916,_binary '\0',4,'HP7794','B2410037'),(1917,_binary '\0',2,'HP4423','B2410037'),(1918,_binary '\0',5,'HP9974','B2410037'),(1919,_binary '\0',1,'HP8392','B2410037'),(1920,_binary '\0',2,'HP3215','B2410037'),(1921,_binary '\0',2,'HP6733','B2410037'),(1922,_binary '\0',1,'HP7792','B2410037'),(1923,_binary '\0',4,'HP4327','B2410037'),(1924,_binary '\0',3,'HP7630','B2410037'),(1925,_binary '\0',2,'HP2977','B2410037'),(1926,_binary '\0',3,'HP4331','B2410037'),(1927,_binary '\0',2,'HP1549','B2410037'),(1928,_binary '\0',3,'HP3634','B2410037'),(1929,_binary '\0',1,'HP1340','B2410037'),(1930,_binary '\0',3,'HP8585','B2410037'),(1931,_binary '\0',3,'HP9883','B2410037'),(1932,_binary '\0',3,'HP3810','B2410037'),(1933,_binary '\0',1,'HP4435','B2410037'),(1934,_binary '\0',1,'HP2956','B2410037'),(1935,_binary '\0',2,'HP2158','B2410037'),(1936,_binary '\0',2,'HP6161','B2410037'),(1937,_binary '\0',1,'HP3195','B2410037'),(1938,_binary '\0',1,'HP1416','B2410037'),(1939,_binary '\0',4,'HP4929','B2410037'),(1940,_binary '\0',3,'HP6171','B2410037'),(1941,_binary '\0',4,'HP3376','B2410037'),(1942,_binary '\0',3,'CT225','B2410038'),(1943,_binary '\0',1,'CT112','B2410038'),(1944,_binary '\0',1,'CT182','B2410038'),(1945,_binary '\0',4,'CT188','B2410038'),(1946,_binary '\0',4,'CT190','B2410038'),(1947,_binary '\0',2,'CT300','B2410038'),(1948,_binary '\0',5,'CT211','B2410038'),(1949,_binary '\0',1,'XH025','B2410038'),(1950,_binary '\0',3,'TC020','B2410038'),(1951,_binary '\0',2,'CT222','B2410038'),(1952,_binary '\0',4,'ML019','B2410038'),(1953,_binary '\0',2,'CT271','B2410038'),(1954,_binary '\0',1,'ML021','B2410038'),(1955,_binary '\0',3,'TN010','B2410038'),(1956,_binary '\0',4,'QP011','B2410038'),(1957,_binary '\0',5,'CT226','B2410038'),(1958,_binary '\0',3,'TN001','B2410038'),(1959,_binary '\0',5,'CT173','B2410038'),(1960,_binary '\0',5,'TC006','B2410038'),(1961,_binary '\0',4,'CT180','B2410038'),(1962,_binary '\0',2,'CT127','B2410038'),(1963,_binary '\0',4,'XH012','B2410038'),(1964,_binary '\0',4,'XH011','B2410038'),(1965,_binary '\0',4,'CT172','B2410038'),(1966,_binary '\0',4,'CT428','B2410038'),(1967,_binary '\0',2,'CT335','B2410038'),(1968,_binary '\0',5,'XH014','B2410038'),(1969,_binary '\0',3,'CT221','B2410038'),(1970,_binary '\0',1,'TC028','B2410038'),(1971,_binary '\0',1,'CT200','B2410038'),(1972,_binary '\0',4,'CT439','B2410038'),(1973,_binary '\0',2,'CT471','B2410038'),(1974,_binary '\0',2,'TC029','B2410038'),(1975,_binary '\0',4,'CT555','B2410038'),(1976,_binary '\0',5,'TN002','B2410038'),(1977,_binary '\0',4,'ML018','B2410038'),(1978,_binary '\0',3,'CT175','B2410038'),(1979,_binary '\0',2,'CT275','B2410038'),(1980,_binary '\0',2,'XH024','B2410038'),(1981,_binary '\0',5,'KL001','B2410038'),(1982,_binary '\0',4,'QP010','B2410038'),(1983,_binary '\0',1,'TC005','B2410038'),(1984,_binary '\0',1,'CT100','B2410038'),(1985,_binary '\0',2,'CT224','B2410038'),(1986,_binary '\0',1,'CT522','B2410038'),(1987,_binary '\0',3,'CT232','B2410038'),(1988,_binary '\0',3,'QP012','B2410038'),(1989,_binary '\0',5,'XH028','B2410038'),(1990,_binary '\0',1,'ML016','B2410038'),(1991,_binary '\0',5,'KN002','B2410038'),(1992,_binary '\0',3,'CT466','B2410038'),(1993,_binary '\0',1,'CT296','B2410038'),(1994,_binary '\0',5,'XH023','B2410038'),(1995,_binary '\0',1,'TN012','B2410038'),(1996,_binary '\0',1,'CT294','B2410038'),(1997,_binary '\0',2,'CT101','B2410038'),(1998,_binary '\0',2,'CT177','B2410038'),(1999,_binary '\0',2,'CT550','B2410038'),(2000,_binary '\0',1,'HP4214','B2410038'),(2001,_binary '\0',5,'HP7795','B2410038'),(2002,_binary '\0',5,'HP7612','B2410038'),(2003,_binary '\0',4,'HP4896','B2410038'),(2004,_binary '\0',4,'HP3320','B2410038'),(2005,_binary '\0',5,'CT211','B2410039'),(2006,_binary '\0',4,'CT188','B2410039'),(2007,_binary '\0',4,'XH011','B2410039'),(2008,_binary '\0',1,'TC005','B2410039'),(2009,_binary '\0',3,'QP012','B2410039'),(2010,_binary '\0',2,'CT222','B2410039'),(2011,_binary '\0',2,'CT275','B2410039'),(2012,_binary '\0',3,'CT221','B2410039'),(2013,_binary '\0',4,'ML018','B2410039'),(2014,_binary '\0',4,'CT179','B2410039'),(2015,_binary '\0',2,'KN001','B2410039'),(2016,_binary '\0',4,'CT190','B2410039'),(2017,_binary '\0',1,'ML016','B2410039'),(2018,_binary '\0',4,'CT428','B2410039'),(2019,_binary '\0',1,'CT100','B2410039'),(2020,_binary '\0',4,'ML019','B2410039'),(2021,_binary '\0',5,'TC006','B2410039'),(2022,_binary '\0',3,'TN010','B2410039'),(2023,_binary '\0',1,'XH025','B2410039'),(2024,_binary '\0',2,'CT271','B2410039'),(2025,_binary '\0',1,'CT522','B2410039'),(2026,_binary '\0',4,'CT174','B2410039'),(2027,_binary '\0',2,'CT127','B2410039'),(2028,_binary '\0',5,'KL001','B2410039'),(2029,_binary '\0',3,'CT225','B2410039'),(2030,_binary '\0',1,'TN012','B2410039'),(2031,_binary '\0',1,'CT296','B2410039'),(2032,_binary '\0',4,'CT180','B2410039'),(2033,_binary '\0',2,'CT224','B2410039'),(2034,_binary '\0',1,'ML021','B2410039'),(2035,_binary '\0',1,'CT279','B2410039'),(2036,_binary '\0',5,'KN002','B2410039'),(2037,_binary '\0',5,'CT226','B2410039'),(2038,_binary '\0',1,'TC028','B2410039'),(2039,_binary '\0',5,'XH014','B2410039'),(2040,_binary '\0',2,'QP013','B2410039'),(2041,_binary '\0',4,'XH012','B2410039'),(2042,_binary '\0',2,'CT212','B2410039'),(2043,_binary '\0',4,'QP010','B2410039'),(2044,_binary '\0',1,'ML014','B2410039'),(2045,_binary '\0',4,'CT293','B2410039'),(2046,_binary '\0',2,'CT176','B2410039'),(2047,_binary '\0',3,'TN001','B2410039'),(2048,_binary '\0',5,'TN002','B2410039'),(2049,_binary '\0',4,'CT555','B2410039'),(2050,_binary '\0',4,'CT439','B2410039'),(2051,_binary '\0',3,'CT175','B2410039'),(2052,_binary '\0',5,'XH028','B2410039'),(2053,_binary '\0',3,'CT232','B2410039'),(2054,_binary '\0',5,'CT173','B2410039'),(2055,_binary '\0',5,'CT476','B2410039'),(2056,_binary '\0',1,'CT200','B2410039'),(2057,_binary '\0',1,'CT294','B2410039'),(2058,_binary '\0',4,'CT172','B2410039'),(2059,_binary '\0',2,'CT471','B2410039'),(2060,_binary '\0',2,'CT335','B2410039'),(2061,_binary '\0',1,'CT112','B2410039'),(2062,_binary '\0',2,'TC029','B2410039'),(2063,_binary '\0',5,'ML007','B2410039'),(2064,_binary '\0',4,'QP011','B2410039'),(2065,_binary '\0',1,'TC030','B2410039'),(2066,_binary '\0',3,'CT466','B2410039'),(2067,_binary '\0',1,'CT182','B2410039'),(2068,_binary '\0',2,'CT101','B2410039'),(2069,_binary '\0',2,'TC029','B2410040'),(2070,_binary '\0',5,'TC006','B2410040'),(2071,_binary '\0',2,'CT222','B2410040'),(2072,_binary '\0',5,'XH023','B2410040'),(2073,_binary '\0',3,'CT221','B2410040'),(2074,_binary '\0',1,'TC028','B2410040'),(2075,_binary '\0',5,'ML007','B2410040'),(2076,_binary '\0',1,'CT273','B2410040'),(2077,_binary '\0',4,'CT428','B2410040'),(2078,_binary '\0',4,'QP011','B2410040'),(2079,_binary '\0',5,'XH028','B2410040'),(2080,_binary '\0',5,'CT178','B2410040'),(2081,_binary '\0',3,'TC020','B2410040'),(2082,_binary '\0',1,'TC005','B2410040'),(2083,_binary '\0',4,'CT188','B2410040'),(2084,_binary '\0',4,'CT174','B2410040'),(2085,_binary '\0',1,'ML021','B2410040'),(2086,_binary '\0',4,'CT172','B2410040'),(2087,_binary '\0',4,'ML018','B2410040'),(2088,_binary '\0',2,'CT271','B2410040'),(2089,_binary '\0',4,'CT293','B2410040'),(2090,_binary '\0',5,'CT226','B2410040'),(2091,_binary '\0',1,'ML014','B2410040'),(2092,_binary '\0',2,'CT177','B2410040'),(2093,_binary '\0',5,'KL001','B2410040'),(2094,_binary '\0',1,'XH025','B2410040'),(2095,_binary '\0',2,'KN001','B2410040'),(2096,_binary '\0',5,'XH014','B2410040'),(2097,_binary '\0',2,'CT275','B2410040'),(2098,_binary '\0',2,'QP013','B2410040'),(2099,_binary '\0',3,'HP5680','B2410040'),(2100,_binary '\0',1,'HP4775','B2410040'),(2101,_binary '\0',5,'HP9090','B2410040'),(2102,_binary '\0',3,'HP9135','B2410040'),(2103,_binary '\0',1,'HP3842','B2410040'),(2104,_binary '\0',5,'HP1506','B2410040'),(2105,_binary '\0',2,'HP3995','B2410040'),(2106,_binary '\0',3,'HP5836','B2410040'),(2107,_binary '\0',1,'HP1398','B2410040'),(2108,_binary '\0',3,'HP3165','B2410040'),(2109,_binary '\0',2,'HP9526','B2410040'),(2110,_binary '\0',3,'HP4162','B2410040'),(2111,_binary '\0',2,'HP4707','B2410040'),(2112,_binary '\0',4,'HP9750','B2410040'),(2113,_binary '\0',1,'HP6837','B2410040'),(2114,_binary '\0',4,'HP6866','B2410040'),(2115,_binary '\0',1,'HP4987','B2410040'),(2116,_binary '\0',1,'HP3274','B2410040'),(2117,_binary '\0',1,'HP6249','B2410040'),(2118,_binary '\0',5,'HP5074','B2410040'),(2119,_binary '\0',5,'HP8858','B2410040'),(2120,_binary '\0',3,'HP6567','B2410040'),(2121,_binary '\0',3,'HP4821','B2410040'),(2122,_binary '\0',3,'HP8895','B2410040'),(2123,_binary '\0',3,'HP8794','B2410040'),(2124,_binary '\0',4,'HP3340','B2410040'),(2125,_binary '\0',3,'HP7421','B2410040'),(2126,_binary '\0',5,'HP9649','B2410040'),(2127,_binary '\0',4,'HP8718','B2410040'),(2128,_binary '\0',5,'HP2705','B2410040'),(2129,_binary '\0',3,'HP6418','B2410040'),(2130,_binary '\0',5,'HP3584','B2410040'),(2131,_binary '\0',1,'XH023','B2410945');
/*!40000 ALTER TABLE `ke_hoach_hoc_tap` ENABLE KEYS */;
UNLOCK TABLES;

--
-- Table structure for table `ke_hoach_hoc_tap_mau`
--

DROP TABLE IF EXISTS `ke_hoach_hoc_tap_mau`;
/*!40101 SET @saved_cs_client     = @@character_set_client */;
/*!50503 SET character_set_client = utf8mb4 */;
CREATE TABLE `ke_hoach_hoc_tap_mau` (
  `id` bigint NOT NULL AUTO_INCREMENT,
  `khoa_hoc` varchar(255) DEFAULT NULL,
  `ma_hoc_ky` bigint DEFAULT NULL,
  `ma_hoc_phan` varchar(255) DEFAULT NULL,
  `ma_nganh` bigint DEFAULT NULL,
  PRIMARY KEY (`id`)
) ENGINE=InnoDB AUTO_INCREMENT=983 DEFAULT CHARSET=utf8mb4 COLLATE=utf8mb4_0900_ai_ci;
/*!40101 SET character_set_client = @saved_cs_client */;

--
-- Dumping data for table `ke_hoach_hoc_tap_mau`
--

LOCK TABLES `ke_hoach_hoc_tap_mau` WRITE;
/*!40000 ALTER TABLE `ke_hoach_hoc_tap_mau` DISABLE KEYS */;
INSERT INTO `ke_hoach_hoc_tap_mau` VALUES (50,'K50',10,'QP011E',8),(51,'K50',10,'QP012',8),(52,'K50',10,'QP013',8),(53,'K50',10,'CT100',8),(54,'K50',10,'CT200',8),(55,'K50',11,'TC100',8),(56,'K50',11,'XH023',8),(57,'K50',11,'FL001',8),(58,'K50',11,'ML014',8),(59,'K50',11,'CT101',8),(60,'K50',11,'KL001E',8),(61,'K50',12,'TC100',8),(62,'K50',12,'XH024',8),(63,'K50',12,'FL002',8),(64,'K50',12,'ML016',8),(65,'K50',12,'TN010',8),(66,'K50',12,'CT177',8),(67,'K50',13,'TC100',8),(68,'K50',13,'XH025',8),(69,'K50',13,'FL003',8),(70,'K50',13,'ML018',8),(71,'K50',13,'CT172',8),(72,'K50',13,'CT175',8),(73,'K50',14,'ML019',8),(74,'K50',14,'TN001',8),(75,'K50',14,'TN012',8),(76,'K50',14,'CT173',8),(77,'K50',14,'ML007',8),(78,'K50',14,'XH028',8),(79,'K50',14,'XH011',8),(80,'K50',14,'XH012',8),(81,'K50',14,'XH014',8),(82,'K50',14,'KN001E',8),(83,'K50',14,'KN002E',8),(84,'K50',16,'ML021',8),(85,'K50',16,'TN002',8),(86,'K50',16,'CT176',8),(87,'K50',16,'CT174',8),(88,'K50',17,'CT188',8),(89,'K50',17,'CT178',8),(90,'K50',17,'CT180',8),(91,'K50',17,'CT182',8),(92,'K50',18,'CT190',8),(93,'K50',18,'CT113',8),(94,'K50',18,'CT296',8),(95,'K50',18,'CT112',8),(96,'K50',18,'CT223',8),(97,'K50',19,'CT242',8),(98,'K50',19,'CT240',8),(99,'K50',19,'CT241',8),(100,'K50',19,'CT179',8),(101,'K50',20,'CT239E',8),(102,'K50',20,'CT244',8),(103,'K50',20,'CT243',8),(104,'K50',20,'CT246',8),(105,'K50',20,'CT276',8),(106,'K50',20,'CT449',8),(107,'K50',20,'CT483',8),(108,'K50',21,'CT250E',8),(109,'K50',21,'CT487',8),(110,'K50',21,'CT287',8),(111,'K50',21,'CT189',8),(112,'K50',21,'CT295',8),(113,'K50',21,'CT460',8),(114,'K50',22,'CT446',8),(115,'K50',22,'CT457',8),(116,'K50',22,'CT288',8),(117,'K50',22,'CT202',8),(118,'K50',22,'CT254',8),(119,'K50',22,'CT207',8),(120,'K50',22,'CT233',8),(121,'K50',22,'CT258',8),(122,'K50',22,'CT205',8),(123,'K50',22,'CT255',8),(124,'K50',22,'CT505E',8),(125,'K50',22,'CT553E',8),(126,'K50',23,'CT458E',8),(127,'K50',10,'QP011E',2),(128,'K50',10,'QP012',2),(129,'K50',10,'QP013',2),(130,'K50',10,'CT100',2),(131,'K50',10,'CT200',2),(132,'K50',11,'TC100',2),(133,'K50',11,'XH023',2),(134,'K50',11,'FL001',2),(135,'K50',11,'ML014',2),(136,'K50',11,'CT101',2),(137,'K50',11,'KL001E',2),(138,'K50',12,'TC100',2),(139,'K50',12,'XH024',2),(140,'K50',12,'FL002',2),(141,'K50',12,'ML016',2),(142,'K50',12,'TN010',2),(143,'K50',12,'CT177',2),(144,'K50',13,'TC100',2),(145,'K50',13,'XH025',2),(146,'K50',13,'FL003',2),(147,'K50',13,'ML018',2),(148,'K50',13,'CT172',2),(149,'K50',13,'CT175',2),(150,'K50',14,'ML019',2),(151,'K50',14,'TN001',2),(152,'K50',14,'TN012',2),(153,'K50',14,'CT173',2),(154,'K50',14,'ML007',2),(155,'K50',14,'XH028',2),(156,'K50',14,'XH011',2),(157,'K50',14,'XH012',2),(158,'K50',14,'XH014',2),(159,'K50',14,'KN001E',2),(160,'K50',14,'KN002E',2),(161,'K50',16,'ML021',2),(162,'K50',16,'TN002',2),(163,'K50',16,'CT176',2),(164,'K50',16,'CT174',2),(165,'K50',17,'CT188',2),(166,'K50',17,'CT178',2),(167,'K50',17,'CT180',2),(168,'K50',17,'CT182',2),(169,'K50',18,'CT190',2),(170,'K50',18,'CT113',2),(171,'K50',18,'CT296',2),(172,'K50',18,'CT112',2),(173,'K50',18,'CT223',2),(174,'K50',19,'CT242',2),(175,'K50',19,'CT240',2),(176,'K50',19,'CT241',2),(177,'K50',19,'CT179',2),(178,'K50',20,'CT239E',2),(179,'K50',20,'CT244',2),(180,'K50',20,'CT243',2),(181,'K50',20,'CT246',2),(182,'K50',20,'CT276',2),(183,'K50',20,'CT449',2),(184,'K50',20,'CT483',2),(185,'K50',21,'CT250E',2),(186,'K50',21,'CT487',2),(187,'K50',21,'CT287',2),(188,'K50',21,'CT189',2),(189,'K50',21,'CT295',2),(190,'K50',21,'CT460',2),(191,'K50',22,'CT446',2),(192,'K50',22,'CT457',2),(193,'K50',22,'CT288',2),(194,'K50',22,'CT202',2),(195,'K50',22,'CT254',2),(196,'K50',22,'CT207',2),(197,'K50',22,'CT233',2),(198,'K50',22,'CT258',2),(199,'K50',22,'CT205',2),(200,'K50',22,'CT255',2),(201,'K50',22,'CT505E',2),(202,'K50',22,'CT553E',2),(203,'K50',23,'CT458E',2),(380,'K47',1,'QP011',7),(381,'K47',1,'QP012',7),(382,'K47',1,'QP013',7),(383,'K47',1,'TN010',7),(384,'K47',1,'CT100',7),(385,'K47',2,'ML007',7),(386,'K47',2,'ML014',7),(387,'K47',2,'CT101',7),(388,'K47',2,'TN001',7),(389,'K47',2,'CT200',7),(390,'K47',2,'XH023',7),(391,'K47',4,'CT172',7),(392,'K47',4,'CT173',7),(393,'K47',4,'ML016',7),(394,'K47',4,'TC100',7),(395,'K47',4,'TN002',7),(396,'K47',4,'XH024',7),(397,'K47',5,'ML018',7),(398,'K47',5,'TC100',7),(399,'K47',5,'KL001',7),(400,'K47',5,'CT177',7),(401,'K47',5,'CT178',7),(402,'K47',5,'XH025',7),(403,'K47',5,'TN012',7),(404,'K47',7,'ML019',7),(405,'K47',7,'TC100',7),(406,'K47',7,'CT175',7),(407,'K47',7,'CT174',7),(408,'K47',7,'CT180',7),(409,'K47',7,'CT112',7),(410,'K47',7,'CT176',7),(411,'K47',8,'ML021',7),(412,'K47',8,'CT296',7),(413,'K47',8,'CT182',7),(414,'K47',8,'CT179',7),(415,'K47',8,'CT188',7),(416,'K47',8,'CT190',7),(417,'K47',8,'CT273',7),(418,'K47',10,'CT271',7),(419,'K47',10,'CT294',7),(420,'K47',10,'CT467',7),(421,'K47',10,'CT293',7),(422,'K47',10,'CT275',7),(423,'K47',10,'CT300',7),(424,'K47',11,'CT223',7),(425,'K47',11,'CT222',7),(426,'K47',11,'CT211',7),(427,'K47',11,'CT297',7),(428,'K47',11,'CT449',7),(429,'K47',11,'CT484',7),(430,'K47',11,'CT522',7),(431,'K47',11,'CT279',7),(432,'K47',11,'CT466',7),(433,'K47',12,'CT471',7),(434,'K47',13,'CT550',7),(435,'K47',13,'CT501',7),(436,'K47',13,'CT478',7),(437,'K47',13,'CT283',7),(438,'K47',13,'CT233',7),(439,'K47',13,'CT482',7),(440,'K47',13,'CT210',7),(441,'K47',13,'CT219',7),(442,'K47',13,'CT312',7),(802,'K47',2,'ML014',6),(803,'K47',2,'TC100',6),(804,'K47',2,'CT101',6),(805,'K47',2,'CT172',6),(806,'K47',2,'CT200',6),(809,'K47',4,'ML007',6),(810,'K47',4,'XH028',6),(811,'K47',4,'XH011',6),(812,'K47',4,'XH012',6),(813,'K47',4,'XH014',6),(814,'K47',4,'KN001',6),(815,'K47',4,'KN002',6),(816,'K47',4,'CT173',6),(817,'K47',4,'ML016',6),(818,'K47',4,'ML018',6),(819,'K47',4,'TN001',6),(820,'K47',4,'TN012',6),(821,'K47',4,'XH024',6),(823,'K47',5,'ML019',6),(824,'K47',5,'TC100',6),(825,'K47',5,'KL001',6),(826,'K47',5,'CT177',6),(827,'K47',5,'CT178',6),(828,'K47',5,'XH025',6),(830,'K47',5,'TN002',6),(831,'K47',7,'ML021',6),(832,'K47',7,'TC100',6),(833,'K47',7,'CT175',6),(834,'K47',7,'CT174',6),(835,'K47',7,'CT180',6),(836,'K47',7,'CT112',6),(837,'K47',7,'CT176',6),(838,'K47',8,'CT296',6),(839,'K47',8,'CT182',6),(840,'K47',8,'CT179',6),(841,'K47',8,'CT188',6),(842,'K47',8,'CT190',6),(843,'K47',8,'CT335',6),(844,'K47',10,'CT428',6),(845,'K47',10,'CT221',6),(846,'K47',10,'CT211',6),(847,'K47',10,'CT226',6),(848,'K47',10,'CT126',6),(849,'K47',10,'CT127',6),(850,'K47',10,'CT124',6),(851,'K47',10,'CT121',6),(852,'K47',10,'CT224',6),(853,'K47',10,'CT225',6),(854,'K47',10,'CT274',6),(855,'K47',11,'CT212',6),(856,'K47',11,'CT439',6),(857,'K47',11,'CT227',6),(858,'K47',11,'CT228',6),(859,'K47',11,'CT229',6),(860,'K47',11,'CT222',6),(861,'K47',11,'CT344',6),(862,'K47',11,'CT232',6),(863,'K47',11,'CT207',6),(864,'K47',11,'CT230',6),(865,'K47',11,'CT231',6),(866,'K47',11,'CT233',6),(867,'K47',11,'CT482',6),(868,'K47',12,'CT476',6),(869,'K47',13,'CT555',6),(870,'K47',13,'CT507',6),(871,'K47',13,'CT338',6),(872,'K47',13,'CT272',6),(873,'K47',13,'CT234',6),(874,'K47',13,'CT223',6),(875,'K47',13,'CT235',6),(876,'K47',13,'CT205',6),(877,'K47',13,'CT237',6),(878,'K47',13,'CT251',6),(879,'K47',13,'CT206',6),(880,'K47',13,'CT238',6),(881,'K47',13,'CT332',6),(882,'K47',13,'CT202',6),(883,'K47',13,'CT273',6),(973,'K46',1,'XH023',6),(974,'K46',1,'XH024',6),(975,'K46',1,'XH025',6),(976,'K47',7,'CT100',6),(977,'K47',2,'TN010',6),(978,'K47',1,'QP010',6),(979,'K47',1,'QP011',6),(980,'K47',1,'QP012',6),(981,'K47',1,'QP013',6),(982,'K47',2,'XH023',6);
/*!40000 ALTER TABLE `ke_hoach_hoc_tap_mau` ENABLE KEYS */;
UNLOCK TABLES;

--
-- Table structure for table `ket_qua_hoc_tap`
--

DROP TABLE IF EXISTS `ket_qua_hoc_tap`;
/*!40101 SET @saved_cs_client     = @@character_set_client */;
/*!50503 SET character_set_client = utf8mb4 */;
CREATE TABLE `ket_qua_hoc_tap` (
  `id` bigint NOT NULL AUTO_INCREMENT,
  `diem_chu` varchar(255) DEFAULT NULL,
  `diem_so` double DEFAULT NULL,
  `dieu_kien` bit(1) NOT NULL,
  `ma_hoc_ky` bigint DEFAULT NULL,
  `ma_hp` varchar(255) DEFAULT NULL,
  `ma_nhomhp` bigint DEFAULT NULL,
  `ma_so` varchar(255) DEFAULT NULL,
  `so_tin_chi` bigint DEFAULT NULL,
  PRIMARY KEY (`id`)
) ENGINE=InnoDB AUTO_INCREMENT=2020 DEFAULT CHARSET=utf8mb4 COLLATE=utf8mb4_0900_ai_ci;
/*!40101 SET character_set_client = @saved_cs_client */;

--
-- Dumping data for table `ket_qua_hoc_tap`
--

LOCK TABLES `ket_qua_hoc_tap` WRITE;
/*!40000 ALTER TABLE `ket_qua_hoc_tap` DISABLE KEYS */;
INSERT INTO `ket_qua_hoc_tap` VALUES (1,'B+',8.5,_binary '',1,'QP010',1,'B2410945',2),(2,'A',9,_binary '',1,'QP011',2,'B2410945',2),(3,'B',7.5,_binary '',1,'QP012',3,'B2410945',2),(4,'A',8.8,_binary '',1,'QP013',4,'B2410945',2),(5,'C+',6.5,_binary '\0',1,'TN010',5,'B2410945',3),(6,'B',7,_binary '\0',1,'CT100',1,'B2410945',2),(7,'B',7.5,_binary '\0',2,'ML014',2,'B2410945',3),(9,'B+',8,_binary '\0',2,'CT101',4,'B2410945',4),(10,'B',7,_binary '\0',2,'CT172',5,'B2410945',4),(11,'A',8.7,_binary '\0',2,'CT200',1,'B2410945',4),(12,'C+',6.5,_binary '',2,'XH023',2,'B2410945',4),(16,'B',7.2,_binary '\0',4,'XH011',1,'B2410945',2),(21,'B+',8.3,_binary '\0',4,'TN012',1,'B2410945',4),(22,'B',7,_binary '\0',4,'TN001',2,'B2410945',3),(23,'B',7.4,_binary '\0',4,'ML016',3,'B2410945',2),(26,'B',7.3,_binary '',4,'XH024',1,'B2410945',3),(28,'B',7.2,_binary '\0',5,'ML018',3,'B2410945',2),(30,'A',9,_binary '',1,'QP010',1,'BX2400001',2),(31,'B',7,_binary '',1,'CT100',5,'BX2400001',2),(32,'F',3,_binary '\0',2,'CT101',1,'BX2400001',4),(33,'C',5.5,_binary '',2,'ML014',3,'BX2400001',3),(34,'A',10,_binary '',1,'QP010',1,'BX2400003',2),(35,'A',9.5,_binary '',1,'QP011',2,'BX2400003',2),(36,'B+',8.4,_binary '',2,'CT101',1,'BX2400003',4),(37,'A',8.8,_binary '',2,'CT172',2,'BX2400003',4),(39,'B',7.5,_binary '',4,'CT173',NULL,'B2410945',3),(40,'A',9,_binary '',4,'TC028',NULL,'B2410945',1),(42,'A',8.7,_binary '',5,'TC030',NULL,'B2410945',1),(43,'B',7.3,_binary '',5,'XH025',NULL,'B2410945',3),(44,'B+',8.1,_binary '',5,'TN002',NULL,'B2410945',4),(45,'B',7,_binary '',5,'CT178',NULL,'B2410945',3),(46,'A',9.2,_binary '',5,'KL001',NULL,'B2410945',2),(47,'B+',8.4,_binary '',5,'ML019',NULL,'B2410945',2),(48,'B',7.6,_binary '\0',7,'CT112',NULL,'B2410945',3),(49,'A',8.9,_binary '\0',7,'TC029',NULL,'B2410945',1),(50,'B+',8.3,_binary '\0',7,'ML021',NULL,'B2410945',2),(51,'B',7.2,_binary '\0',7,'CT174',NULL,'B2410945',3),(52,'B+',8,_binary '\0',7,'CT175',NULL,'B2410945',4),(53,'A',9.1,_binary '\0',7,'CT176',NULL,'B2410945',3),(54,'B',7.4,_binary '\0',7,'CT180',NULL,'B2410945',3),(55,'B+',8.5,_binary '\0',8,'CT179',NULL,'B2410945',3),(56,'A',9,_binary '\0',8,'CT335',NULL,'B2410945',3),(57,'B',7.5,_binary '\0',8,'CT182',NULL,'B2410945',3),(58,'B+',8.2,_binary '\0',8,'CT188',NULL,'B2410945',3),(60,'B',7.3,_binary '\0',8,'CT296',NULL,'B2410945',3),(61,'B+',8.1,_binary '\0',10,'CT224',NULL,'B2410945',2),(62,'A',9.3,_binary '\0',10,'CT226',NULL,'B2410945',3),(63,'B',7.6,_binary '\0',10,'CT428',NULL,'B2410945',3),(64,'B+',8.4,_binary '\0',10,'CT127',NULL,'B2410945',2),(65,'A',8.9,_binary '\0',10,'CT221',NULL,'B2410945',3),(66,'B',7.2,_binary '\0',10,'CT211',NULL,'B2410945',3),(67,'B+',8,_binary '\0',10,'CT225',NULL,'B2410945',2),(68,'A',9.1,_binary '\0',11,'CT222',NULL,'B2410945',3),(69,'B',7.5,_binary '\0',11,'CT212',NULL,'B2410945',3),(70,'B+',8.3,_binary '\0',11,'CT232',NULL,'B2410945',3),(71,'A',8.8,_binary '\0',11,'CT439',NULL,'B2410945',3),(72,'B',7.4,_binary '\0',12,'CT476',NULL,'B2410945',3),(73,'B+',8.2,_binary '\0',13,'CT555',NULL,'B2410945',15),(74,'C+',6.9,_binary '',4,'ML019',1,'B2410001',3),(75,'C',6.7,_binary '\0',2,'CT212',2,'B2410001',3),(76,'C+',6.9,_binary '',2,'CT222',5,'B2410001',1),(77,'C',6.6,_binary '\0',4,'CT293',5,'B2410001',1),(78,'C',6.7,_binary '\0',2,'CT275',3,'B2410001',3),(79,'C+',7,_binary '\0',3,'QP012',3,'B2410001',2),(80,'C+',7,_binary '\0',2,'CT177',1,'B2410001',3),(81,'C+',7.4,_binary '',4,'CT179',2,'B2410001',2),(82,'C',6.7,_binary '\0',4,'CT439',1,'B2410001',1),(83,'C+',7.1,_binary '\0',5,'CT173',2,'B2410001',1),(84,'D+',4.8,_binary '\0',4,'CT190',3,'B2410002',4),(85,'D',4.3,_binary '\0',5,'KN002',5,'B2410002',3),(86,'D',6.3,_binary '',1,'CT182',3,'B2410002',4),(87,'D+',4,_binary '',3,'CT221',5,'B2410002',2),(88,'D',4.6,_binary '',3,'TN001',5,'B2410002',3),(89,'D+',4.8,_binary '',1,'CT100',5,'B2410002',1),(90,'D+',5.5,_binary '',5,'CT178',4,'B2410002',2),(91,'D',4.6,_binary '',5,'KN002',5,'B2410003',3),(92,'D+',4.6,_binary '\0',5,'CT211',3,'B2410003',2),(93,'D',6.2,_binary '\0',3,'TN010',3,'B2410003',1),(94,'D',5,_binary '',4,'CT179',4,'B2410003',2),(95,'D',4.1,_binary '\0',3,'CT467',3,'B2410003',4),(96,'D+',5.9,_binary '',1,'XH025',3,'B2410003',3),(97,'D',4.2,_binary '\0',2,'CT271',1,'B2410004',1),(98,'D+',5.7,_binary '\0',1,'CT522',5,'B2410004',1),(99,'D',5.3,_binary '',2,'CT471',3,'B2410004',4),(100,'D+',4.7,_binary '\0',4,'CT439',2,'B2410004',1),(101,'D+',4.5,_binary '\0',5,'CT476',4,'B2410004',4),(102,'D',4.8,_binary '\0',4,'ML019',5,'B2410004',3),(103,'D+',5.5,_binary '',1,'CT112',2,'B2410004',2),(104,'D+',4.8,_binary '',4,'XH011',3,'B2410004',3),(105,'B',7.6,_binary '',1,'CT112',4,'B2410005',2),(106,'B+',8.1,_binary '',3,'CT467',1,'B2410005',4),(107,'B+',7.8,_binary '\0',1,'TC028',5,'B2410005',2),(108,'B+',7.8,_binary '',3,'TN001',4,'B2410005',3),(109,'B+',7.9,_binary '',1,'CT273',5,'B2410005',2),(110,'B',8.1,_binary '',1,'TC030',1,'B2410005',2),(111,'B+',8.4,_binary '\0',5,'ML007',3,'B2410005',1),(112,'B+',7.5,_binary '',1,'TC005',2,'B2410005',3),(113,'B+',8.2,_binary '\0',5,'TN002',4,'B2410006',4),(114,'B+',7.7,_binary '\0',4,'HP4723',1,'B2410006',2),(115,'B',7.9,_binary '\0',3,'HP1611',2,'B2410006',4),(116,'B',8,_binary '\0',2,'HP6762',4,'B2410006',2),(117,'B',7.8,_binary '\0',4,'HP9039',2,'B2410006',3),(118,'B',8.1,_binary '\0',2,'HP8183',5,'B2410006',4),(119,'B',7.9,_binary '',5,'HP4110',1,'B2410006',3),(120,'A+',9.3,_binary '',2,'CT222',5,'B2410007',1),(121,'A+',8.5,_binary '',5,'CT173',4,'B2410007',1),(122,'A',9,_binary '\0',4,'CT293',1,'B2410007',1),(123,'A+',9,_binary '',4,'CT555',4,'B2410007',1),(124,'A+',8.9,_binary '',1,'ML014',3,'B2410007',2),(125,'A+',9.3,_binary '\0',3,'CT221',1,'B2410007',2),(126,'A+',8.8,_binary '\0',5,'XH028',3,'B2410007',2),(127,'A',8.6,_binary '',3,'CT225',5,'B2410007',2),(128,'A+',9.2,_binary '\0',5,'CT226',1,'B2410007',4),(129,'A+',9,_binary '\0',3,'CT466',1,'B2410007',4),(130,'A',9.4,_binary '',5,'KN002',1,'B2410007',3),(131,'A',9.4,_binary '\0',1,'TC030',4,'B2410007',2),(132,'A+',9.2,_binary '\0',1,'CT182',2,'B2410007',4),(133,'A+',9.3,_binary '',3,'CT175',3,'B2410007',1),(134,'A+',9,_binary '',1,'CT522',1,'B2410007',1),(135,'A',8.7,_binary '\0',4,'CT180',1,'B2410007',2),(136,'A',8.9,_binary '',5,'TN002',3,'B2410007',4),(137,'A+',8.6,_binary '\0',4,'CT172',3,'B2410007',1),(138,'A',8.5,_binary '\0',5,'TC006',1,'B2410007',3),(139,'A+',9.3,_binary '',4,'CT174',1,'B2410007',2),(140,'A',9.1,_binary '\0',4,'QP011',3,'B2410007',1),(141,'A+',8.7,_binary '\0',3,'TN001',3,'B2410007',3),(142,'A',9,_binary '\0',2,'XH024',5,'B2410007',3),(143,'A',8.5,_binary '\0',2,'CT275',4,'B2410007',3),(144,'D+',6,_binary '',2,'QP013',3,'B2410008',3),(145,'D',5.2,_binary '',1,'CT273',1,'B2410008',2),(146,'D',5.4,_binary '',3,'CT466',4,'B2410008',4),(147,'D',6.3,_binary '\0',3,'CT467',5,'B2410008',4),(148,'D+',4.5,_binary '\0',1,'TC028',3,'B2410008',2),(149,'D',5.9,_binary '\0',2,'CT222',5,'B2410008',1),(150,'D+',4.9,_binary '\0',3,'CT225',3,'B2410008',2),(151,'D',4.5,_binary '',4,'CT428',1,'B2410008',2),(152,'D+',5.3,_binary '',1,'CT296',3,'B2410008',3),(153,'D',5.6,_binary '\0',5,'CT211',3,'B2410008',2),(154,'D+',4.5,_binary '\0',4,'CT172',3,'B2410008',1),(155,'D',4.7,_binary '',3,'TN010',3,'B2410008',1),(156,'D',4.7,_binary '\0',3,'TC020',4,'B2410008',4),(157,'D',5.5,_binary '',4,'CT174',4,'B2410008',2),(158,'D+',5.5,_binary '\0',2,'KN001',2,'B2410008',2),(159,'D',5.4,_binary '\0',4,'QP010',5,'B2410008',2),(160,'D',5,_binary '\0',5,'KL001',2,'B2410008',1),(161,'D+',4.4,_binary '',4,'CT188',1,'B2410008',2),(162,'D+',4,_binary '',1,'XH025',5,'B2410008',3),(163,'D+',6.3,_binary '',2,'CT176',1,'B2410008',2),(164,'D+',4.2,_binary '\0',1,'TC005',2,'B2410008',3),(165,'D+',6.2,_binary '',1,'CT279',5,'B2410008',4),(166,'D+',6.2,_binary '\0',4,'XH012',4,'B2410008',4),(167,'D+',5.3,_binary '\0',5,'CT173',4,'B2410008',1),(168,'D',5.3,_binary '',1,'CT100',2,'B2410008',1),(169,'D',5.5,_binary '',1,'TC030',4,'B2410008',2),(170,'D+',6.2,_binary '',5,'XH023',1,'B2410008',1),(171,'D',6,_binary '\0',5,'CT226',2,'B2410008',4),(172,'D',5.3,_binary '\0',1,'TN012',4,'B2410008',1),(173,'D',4.9,_binary '\0',2,'XH024',1,'B2410008',3),(174,'D+',4.8,_binary '',4,'CT190',2,'B2410008',4),(175,'D+',5.3,_binary '\0',2,'CT300',1,'B2410008',2),(176,'D+',4.6,_binary '',4,'CT439',5,'B2410008',1),(177,'D+',5.8,_binary '',4,'QP011',5,'B2410008',1),(178,'D+',5.4,_binary '\0',2,'CT127',4,'B2410008',2),(179,'C+',7.1,_binary '\0',1,'TC005',1,'B2410009',3),(180,'C+',6.9,_binary '\0',1,'TC030',5,'B2410009',2),(181,'C',6.7,_binary '',2,'CT176',2,'B2410009',2),(182,'C',7.2,_binary '\0',2,'CT224',2,'B2410009',4),(183,'C+',7.2,_binary '',4,'ML019',5,'B2410009',3),(184,'C+',6.9,_binary '',4,'CT174',3,'B2410009',2),(185,'C',7.2,_binary '\0',3,'HP5532',1,'B2410009',4),(186,'C',7.1,_binary '\0',2,'HP2498',1,'B2410009',1),(187,'C',6.7,_binary '',3,'HP2290',1,'B2410009',4),(188,'C',6.8,_binary '\0',5,'HP9112',4,'B2410009',1),(189,'C+',6.9,_binary '',1,'HP7121',5,'B2410009',2),(190,'C',6.9,_binary '\0',3,'HP4130',2,'B2410009',1),(191,'C',6.6,_binary '',3,'HP8535',1,'B2410009',1),(192,'C',6.5,_binary '',4,'HP1366',3,'B2410009',4),(193,'C+',6.8,_binary '',4,'HP3290',2,'B2410009',4),(194,'C',6.9,_binary '\0',3,'HP3913',4,'B2410009',3),(195,'C',7.1,_binary '\0',2,'HP5403',1,'B2410009',4),(196,'C+',7,_binary '',2,'HP2923',4,'B2410009',4),(197,'C+',7.3,_binary '',1,'HP2075',4,'B2410009',1),(198,'C',6.6,_binary '\0',2,'HP6705',1,'B2410009',1),(199,'C+',7.3,_binary '',3,'HP8509',2,'B2410009',2),(200,'C',7.2,_binary '\0',4,'HP3818',5,'B2410009',2),(201,'C',7.2,_binary '',3,'HP6152',1,'B2410009',1),(202,'C+',7.2,_binary '',1,'HP4237',2,'B2410009',1),(203,'C+',7.3,_binary '\0',1,'HP6213',4,'B2410009',1),(204,'C+',6.9,_binary '',5,'HP4050',5,'B2410009',2),(205,'C+',6.8,_binary '',5,'HP2751',4,'B2410009',1),(206,'C',7,_binary '',5,'HP3417',1,'B2410009',3),(207,'C',6.5,_binary '',1,'HP9759',4,'B2410009',4),(208,'C+',6.7,_binary '\0',5,'HP8153',3,'B2410009',1),(209,'C',6.6,_binary '\0',5,'HP7454',5,'B2410009',2),(210,'C',6.8,_binary '',1,'HP1526',4,'B2410009',1),(211,'C+',7.1,_binary '',5,'HP3033',2,'B2410009',1),(212,'C',6.7,_binary '\0',4,'HP8960',1,'B2410009',4),(213,'C',6.7,_binary '',4,'HP3837',5,'B2410009',3),(214,'C',6.9,_binary '\0',2,'HP3756',4,'B2410009',4),(215,'B',8.3,_binary '\0',4,'CT179',3,'B2410010',2),(216,'B',7.6,_binary '\0',5,'TC006',3,'B2410010',3),(217,'B',8.4,_binary '',4,'XH012',2,'B2410010',4),(218,'B+',8,_binary '',3,'CT232',2,'B2410010',4),(219,'B',8,_binary '',2,'QP013',2,'B2410010',3),(220,'B',7.8,_binary '',4,'XH011',1,'B2410010',3),(221,'B+',8.4,_binary '',2,'CT275',2,'B2410010',3),(222,'B',8.1,_binary '',1,'CT200',2,'B2410010',2),(223,'B+',8,_binary '\0',4,'QP010',4,'B2410010',2),(224,'B',8.4,_binary '',4,'CT439',3,'B2410010',1),(225,'B',8.4,_binary '\0',5,'XH014',1,'B2410010',4),(226,'B',7.6,_binary '',1,'XH025',2,'B2410010',3),(227,'B',7.6,_binary '\0',5,'ML007',2,'B2410010',1),(228,'B',8.2,_binary '\0',4,'CT555',1,'B2410010',1),(229,'B',8.1,_binary '\0',2,'CT176',4,'B2410010',2),(230,'B',7.8,_binary '\0',5,'CT178',2,'B2410010',2),(231,'B',8.1,_binary '\0',2,'CT271',1,'B2410010',1),(232,'B',8.3,_binary '\0',3,'CT175',1,'B2410010',1),(233,'B',7.9,_binary '',5,'TN002',5,'B2410010',4),(234,'B',7.9,_binary '',5,'CT211',3,'B2410010',2),(235,'B+',7.6,_binary '',2,'KN001',3,'B2410010',2),(236,'B+',7.5,_binary '',3,'TN001',4,'B2410010',3),(237,'B',8.2,_binary '\0',4,'CT188',1,'B2410010',2),(238,'B',7.7,_binary '\0',4,'CT180',3,'B2410010',2),(239,'B+',8.3,_binary '\0',3,'HP1944',4,'B2410010',1),(240,'B',8.3,_binary '\0',4,'HP9019',4,'B2410010',4),(241,'B+',7.7,_binary '\0',2,'HP4626',4,'B2410010',4),(242,'B+',8.2,_binary '',3,'HP1955',3,'B2410010',2),(243,'B+',8.3,_binary '\0',2,'HP2164',3,'B2410010',3),(244,'B+',7.6,_binary '',4,'HP4494',2,'B2410010',4),(245,'B',8.3,_binary '\0',4,'HP5929',5,'B2410010',1),(246,'B+',8,_binary '\0',4,'HP5828',5,'B2410010',4),(247,'B',7.9,_binary '\0',1,'HP3815',5,'B2410010',1),(248,'B+',8,_binary '\0',2,'HP6314',4,'B2410010',3),(249,'B',8.3,_binary '',2,'HP4122',4,'B2410010',4),(250,'B',8.4,_binary '\0',4,'HP5308',4,'B2410010',3),(251,'B',8.1,_binary '\0',3,'HP7349',4,'B2410010',4),(252,'B',7.8,_binary '',3,'HP9533',5,'B2410010',2),(253,'B',7.8,_binary '\0',5,'HP9566',1,'B2410010',3),(254,'B+',7.9,_binary '\0',3,'HP9488',2,'B2410010',2),(255,'B+',8.2,_binary '',3,'CT225',4,'B2410011',2),(256,'B+',7.6,_binary '\0',1,'TC028',3,'B2410011',2),(257,'B',8.3,_binary '',2,'CT127',2,'B2410011',2),(258,'B+',7.6,_binary '\0',5,'KN002',1,'B2410011',3),(259,'B',7.9,_binary '',1,'ML014',2,'B2410011',2),(260,'B+',8.1,_binary '',4,'CT428',2,'B2410011',2),(261,'B',7.9,_binary '',5,'CT476',5,'B2410011',4),(262,'B+',7.9,_binary '\0',4,'QP011',4,'B2410011',1),(263,'B+',8,_binary '\0',3,'CT466',1,'B2410011',4),(264,'B',8.1,_binary '\0',5,'TC006',3,'B2410011',3),(265,'B',7.5,_binary '\0',1,'TC030',2,'B2410011',2),(266,'B+',8.1,_binary '',5,'XH028',3,'B2410011',2),(267,'B',8.1,_binary '\0',3,'TN001',5,'B2410011',3),(268,'B+',8.2,_binary '\0',4,'CT179',5,'B2410011',2),(269,'B',8.4,_binary '',3,'HP9931',3,'B2410011',2),(270,'B',8,_binary '\0',4,'HP1597',2,'B2410011',3),(271,'B',7.7,_binary '',2,'HP6699',1,'B2410011',1),(272,'B+',8.3,_binary '\0',4,'HP7243',1,'B2410011',3),(273,'B',8.1,_binary '\0',4,'HP1494',4,'B2410011',3),(274,'B+',7.9,_binary '\0',3,'HP8034',4,'B2410011',4),(275,'B+',8,_binary '\0',3,'HP6448',4,'B2410011',3),(276,'B+',7.6,_binary '',1,'HP5219',2,'B2410011',4),(277,'B+',7.6,_binary '',3,'HP3846',4,'B2410011',3),(278,'B+',8,_binary '\0',2,'HP4887',4,'B2410011',4),(279,'B',7.8,_binary '\0',1,'HP4996',3,'B2410011',2),(280,'B',8.2,_binary '\0',5,'HP6054',2,'B2410011',3),(281,'B',8.1,_binary '\0',2,'HP1645',5,'B2410011',2),(282,'B+',8.3,_binary '\0',1,'HP3469',3,'B2410011',1),(283,'B',8.3,_binary '\0',4,'HP7667',2,'B2410011',3),(284,'B+',7.7,_binary '',4,'HP7211',3,'B2410011',3),(285,'B+',8.1,_binary '\0',4,'HP8788',1,'B2410011',2),(286,'B+',8.2,_binary '',3,'HP7735',1,'B2410011',1),(287,'B',8.3,_binary '',3,'HP5326',1,'B2410011',1),(288,'B+',7.7,_binary '\0',2,'HP2785',5,'B2410011',4),(289,'B',7.9,_binary '',3,'HP3572',1,'B2410011',4),(290,'B+',7.8,_binary '',5,'HP7495',2,'B2410011',4),(291,'B+',8.2,_binary '',4,'HP5167',4,'B2410011',4),(292,'B+',8.2,_binary '',1,'HP2549',4,'B2410011',2),(293,'B',7.9,_binary '',5,'HP6258',4,'B2410011',2),(294,'B',8.3,_binary '\0',1,'HP2330',5,'B2410011',4),(295,'B+',7.8,_binary '\0',2,'HP4654',2,'B2410011',2),(296,'B',7.6,_binary '\0',1,'HP2276',1,'B2410011',2),(297,'B+',8.4,_binary '\0',3,'HP6945',5,'B2410011',1),(298,'B+',8.4,_binary '\0',4,'HP8209',4,'B2410011',1),(299,'B+',7.9,_binary '',1,'HP2739',1,'B2410011',3),(300,'B+',7.6,_binary '',3,'HP7349',1,'B2410011',3),(301,'B+',7.9,_binary '',4,'HP7635',2,'B2410011',3),(302,'C',7.1,_binary '',5,'CT173',4,'B2410012',1),(303,'C+',7.3,_binary '',3,'CT232',4,'B2410012',4),(304,'C+',7.4,_binary '\0',1,'CT296',2,'B2410012',3),(305,'C+',7.1,_binary '\0',3,'TC020',4,'B2410012',4),(306,'C',6.7,_binary '',2,'CT550',2,'B2410012',1),(307,'C',7.4,_binary '\0',2,'CT176',2,'B2410012',2),(308,'C+',7,_binary '\0',1,'CT294',1,'B2410012',2),(309,'C+',6.8,_binary '\0',4,'CT172',4,'B2410012',1),(310,'C+',7.2,_binary '',1,'XH025',5,'B2410012',3),(311,'C+',7.3,_binary '\0',1,'CT182',3,'B2410012',4),(312,'C+',6.8,_binary '',3,'TN001',5,'B2410012',3),(313,'C+',6.9,_binary '',1,'CT200',1,'B2410012',2),(314,'C',6.7,_binary '',4,'QP011',2,'B2410012',1),(315,'C',7.1,_binary '',4,'CT180',1,'B2410012',2),(316,'C',7.1,_binary '\0',2,'CT127',1,'B2410012',2),(317,'C+',6.5,_binary '',5,'TN002',4,'B2410012',4),(318,'C+',7.4,_binary '\0',1,'TN012',4,'B2410012',1),(319,'C',7.2,_binary '\0',3,'CT221',3,'B2410012',2),(320,'C+',6.5,_binary '\0',2,'TC029',3,'B2410012',3),(321,'C+',7,_binary '\0',5,'CT211',4,'B2410012',2),(322,'C+',6.5,_binary '\0',5,'CT178',4,'B2410012',2),(323,'C+',7.2,_binary '\0',1,'ML021',2,'B2410012',1),(324,'C',6.8,_binary '',1,'CT522',1,'B2410012',1),(325,'C+',6.8,_binary '\0',2,'CT471',1,'B2410012',4),(326,'C',7.1,_binary '',5,'CT476',4,'B2410012',4),(327,'C',7.2,_binary '\0',2,'CT271',3,'B2410012',1),(328,'C',7.2,_binary '\0',2,'CT275',2,'B2410012',3),(329,'C',7,_binary '',4,'CT428',2,'B2410012',2),(330,'C+',7.2,_binary '',1,'CT273',4,'B2410012',2),(331,'C',6.6,_binary '\0',5,'TC006',1,'B2410012',3),(332,'C+',7.3,_binary '',2,'KN001',4,'B2410012',2),(333,'C+',6.8,_binary '',4,'HP5396',2,'B2410012',3),(334,'C+',6.5,_binary '\0',2,'HP2602',4,'B2410012',3),(335,'C',6.8,_binary '\0',1,'HP7679',2,'B2410012',4),(336,'C+',6.6,_binary '\0',4,'HP2617',4,'B2410012',1),(337,'C',7.2,_binary '',5,'HP8845',5,'B2410012',1),(338,'C+',7,_binary '\0',4,'HP2780',5,'B2410012',2),(339,'C+',7.1,_binary '',4,'HP9689',5,'B2410012',3),(340,'C+',7.2,_binary '',2,'HP8371',1,'B2410012',1),(341,'C+',6.7,_binary '\0',4,'HP3091',2,'B2410012',1),(342,'C+',7.3,_binary '\0',2,'HP5667',3,'B2410012',1),(343,'C',7.4,_binary '\0',3,'HP8622',2,'B2410012',1),(344,'C',7.1,_binary '',3,'HP6102',1,'B2410012',3),(345,'C+',6.8,_binary '\0',5,'HP3078',2,'B2410012',2),(346,'C',6.9,_binary '\0',5,'HP3829',1,'B2410012',2),(347,'C',7.2,_binary '',1,'HP9774',2,'B2410012',2),(348,'C+',6.6,_binary '\0',5,'HP1248',3,'B2410012',3),(349,'C',7,_binary '',2,'HP7493',2,'B2410012',3),(350,'C+',6.8,_binary '\0',1,'HP2024',2,'B2410012',2),(351,'C+',6.6,_binary '\0',4,'HP2867',3,'B2410012',3),(352,'C',6.7,_binary '\0',5,'HP7093',1,'B2410012',4),(353,'C+',7.2,_binary '\0',1,'HP1636',1,'B2410012',1),(354,'C+',6.6,_binary '\0',5,'HP6796',1,'B2410012',3),(355,'B',8,_binary '',2,'CT177',5,'B2410013',3),(356,'B+',8.2,_binary '\0',2,'TC029',4,'B2410013',3),(357,'B+',7.7,_binary '\0',1,'CT273',3,'B2410013',2),(358,'B+',8.2,_binary '',4,'CT179',1,'B2410013',2),(359,'B',7.8,_binary '',3,'CT221',5,'B2410013',2),(360,'B+',7.9,_binary '\0',1,'CT279',3,'B2410013',4),(361,'B',7.7,_binary '\0',3,'CT232',2,'B2410013',4),(362,'B',7.7,_binary '\0',4,'ML019',5,'B2410013',3),(363,'B+',8,_binary '\0',1,'CT296',1,'B2410013',3),(364,'B+',8.2,_binary '',5,'CT211',2,'B2410013',2),(365,'B+',7.8,_binary '',2,'CT471',3,'B2410013',4),(366,'B+',7.7,_binary '\0',4,'QP011',1,'B2410013',1),(367,'B+',7.9,_binary '',4,'QP010',2,'B2410013',2),(368,'B+',8,_binary '',3,'CT466',5,'B2410013',4),(369,'B+',7.8,_binary '\0',4,'XH012',4,'B2410013',4),(370,'B+',8,_binary '',3,'TC020',2,'B2410013',4),(371,'B+',7.8,_binary '\0',2,'CT300',3,'B2410013',2),(372,'B+',7.5,_binary '\0',4,'CT439',1,'B2410013',1),(373,'B+',8.2,_binary '\0',5,'XH028',4,'B2410013',2),(374,'B+',8.1,_binary '',3,'QP012',2,'B2410013',2),(375,'B+',8,_binary '\0',2,'CT212',2,'B2410013',3),(376,'B',8.1,_binary '',2,'KN001',4,'B2410013',2),(377,'B+',8.3,_binary '',1,'CT182',4,'B2410013',4),(378,'B+',8,_binary '',3,'CT175',4,'B2410013',1),(379,'B',8,_binary '\0',1,'TC030',3,'B2410013',2),(380,'B+',7.6,_binary '',5,'XH014',3,'B2410013',4),(381,'B',7.8,_binary '\0',4,'CT428',5,'B2410013',2),(382,'B+',8,_binary '',4,'CT190',4,'B2410013',4),(383,'B+',8.2,_binary '',1,'TN012',3,'B2410013',1),(384,'B',8.1,_binary '\0',1,'ML016',3,'B2410013',4),(385,'B+',8,_binary '\0',4,'CT555',3,'B2410013',1),(386,'B',7.8,_binary '',2,'CT127',3,'B2410013',2),(387,'B+',7.9,_binary '\0',5,'TC006',3,'B2410013',3),(388,'B+',7.6,_binary '\0',1,'CT200',4,'B2410013',2),(389,'B+',7.7,_binary '\0',1,'TC005',4,'B2410013',3),(390,'B',8.3,_binary '\0',4,'CT174',4,'B2410013',2),(391,'B',7.5,_binary '\0',5,'KN002',2,'B2410013',3),(392,'B+',8.2,_binary '\0',2,'CT101',1,'B2410013',2),(393,'B+',7.9,_binary '\0',2,'QP013',5,'B2410013',3),(394,'B+',7.9,_binary '\0',2,'XH024',3,'B2410013',3),(395,'B+',8.2,_binary '',2,'CT335',2,'B2410013',3),(396,'B+',8.3,_binary '\0',1,'XH025',4,'B2410013',3),(397,'B+',8.1,_binary '',5,'ML007',3,'B2410013',1),(398,'B',8.3,_binary '\0',4,'CT293',5,'B2410013',1),(399,'B',7.8,_binary '\0',2,'CT176',4,'B2410013',2),(400,'B+',7.7,_binary '',1,'CT100',3,'B2410013',1),(401,'B+',7.8,_binary '',1,'CT522',2,'B2410013',1),(402,'B',7.7,_binary '',2,'CT275',3,'B2410013',3),(403,'B',8.3,_binary '',5,'TN002',2,'B2410013',4),(404,'B+',7.9,_binary '\0',5,'KL001',2,'B2410013',1),(405,'B',8,_binary '\0',3,'TN010',5,'B2410013',1),(406,'B+',8.2,_binary '\0',4,'CT188',2,'B2410013',2),(407,'B+',7.7,_binary '',2,'CT224',1,'B2410013',4),(408,'B',7.5,_binary '\0',2,'CT550',3,'B2410013',1),(409,'D+',5.7,_binary '',2,'CT177',2,'B2410014',3),(410,'D+',6.3,_binary '',3,'CT175',5,'B2410014',1),(411,'D',5.2,_binary '',4,'CT180',4,'B2410014',2),(412,'D',6.2,_binary '\0',5,'KN002',5,'B2410014',3),(413,'D+',5.8,_binary '',1,'XH025',4,'B2410014',3),(414,'D',4,_binary '',5,'ML007',5,'B2410014',1),(415,'D',4.8,_binary '',2,'CT271',5,'B2410014',1),(416,'D+',4.8,_binary '\0',3,'TN010',5,'B2410014',1),(417,'D',5.3,_binary '',2,'CT101',1,'B2410014',2),(418,'D',4.5,_binary '',2,'QP013',4,'B2410014',3),(419,'D',5.5,_binary '\0',5,'CT476',4,'B2410014',4),(420,'D+',5,_binary '\0',1,'CT182',2,'B2410014',4),(421,'D',5.5,_binary '',1,'ML021',3,'B2410014',1),(422,'D',4.2,_binary '\0',2,'CT275',2,'B2410014',3),(423,'D+',4.3,_binary '\0',1,'CT100',1,'B2410014',1),(424,'D+',5.1,_binary '',5,'KL001',4,'B2410014',1),(425,'D+',6.3,_binary '',4,'XH011',4,'B2410014',3),(426,'D+',5.1,_binary '',2,'XH024',4,'B2410014',3),(427,'D+',5.2,_binary '',1,'TC028',4,'B2410014',2),(428,'D+',4.5,_binary '',1,'TC005',4,'B2410014',3),(429,'D+',4.7,_binary '\0',2,'CT300',2,'B2410014',2),(430,'D+',6.1,_binary '\0',5,'CT178',4,'B2410014',2),(431,'D+',4.2,_binary '\0',2,'CT471',2,'B2410014',4),(432,'D+',6.2,_binary '',1,'TC030',1,'B2410014',2),(433,'D',4.2,_binary '',4,'CT293',4,'B2410014',1),(434,'D+',4.9,_binary '',5,'XH023',2,'B2410014',1),(435,'D+',5,_binary '\0',5,'XH014',1,'B2410014',4),(436,'D+',4.4,_binary '\0',3,'CT225',4,'B2410014',2),(437,'D+',5.6,_binary '\0',4,'QP010',2,'B2410014',2),(438,'D',5.5,_binary '',4,'CT179',1,'B2410014',2),(439,'D+',5.9,_binary '',1,'ML016',5,'B2410014',4),(440,'D+',4.4,_binary '',3,'CT221',4,'B2410014',2),(441,'D',5.1,_binary '\0',1,'ML014',1,'B2410014',2),(442,'D+',6.2,_binary '\0',4,'CT174',4,'B2410014',2),(443,'D+',6,_binary '\0',2,'CT224',1,'B2410014',4),(444,'D+',5.5,_binary '\0',4,'QP011',3,'B2410014',1),(445,'D+',5.8,_binary '\0',5,'CT173',3,'B2410014',1),(446,'D',5.8,_binary '',2,'CT222',5,'B2410014',1),(447,'D+',4.5,_binary '\0',3,'TN001',2,'B2410014',3),(448,'D',5.3,_binary '',5,'TC006',3,'B2410014',3),(449,'D',5,_binary '\0',4,'ML018',3,'B2410014',4),(450,'D',4.1,_binary '',1,'TN012',4,'B2410014',1),(451,'D',5.4,_binary '',4,'CT188',3,'B2410014',2),(452,'D+',4.9,_binary '\0',1,'CT200',4,'B2410014',2),(453,'D+',6,_binary '',3,'CT467',2,'B2410014',4),(454,'D',6.1,_binary '',2,'CT127',3,'B2410014',2),(455,'D',5.6,_binary '\0',2,'HP4827',4,'B2410014',4),(456,'D+',4.7,_binary '',3,'HP4225',2,'B2410014',3),(457,'D',5.5,_binary '\0',1,'HP2789',5,'B2410014',3),(458,'D',4,_binary '\0',5,'HP5052',4,'B2410014',3),(459,'D+',4.1,_binary '',3,'HP9530',1,'B2410014',3),(460,'D',4.8,_binary '\0',2,'CT212',3,'B2410015',3),(461,'D+',6.1,_binary '\0',3,'TN010',2,'B2410015',1),(462,'D',4.8,_binary '\0',1,'CT100',5,'B2410015',1),(463,'D+',5.8,_binary '\0',3,'CT232',1,'B2410015',4),(464,'D+',6.3,_binary '\0',5,'KN002',1,'B2410015',3),(465,'D',4.5,_binary '\0',2,'KN001',3,'B2410015',2),(466,'D',5.7,_binary '',3,'CT466',4,'B2410015',4),(467,'D+',4.2,_binary '',5,'TN002',2,'B2410015',4),(468,'D+',5.4,_binary '\0',4,'CT293',3,'B2410015',1),(469,'D+',5.3,_binary '\0',1,'HP8267',2,'B2410015',1),(470,'D+',6.3,_binary '\0',1,'HP2765',5,'B2410015',1),(471,'D',4.5,_binary '\0',4,'HP1341',5,'B2410015',2),(472,'D',6,_binary '\0',5,'HP8928',2,'B2410015',1),(473,'D',5.9,_binary '',4,'HP4876',1,'B2410015',1),(474,'D+',5.2,_binary '\0',3,'HP5328',2,'B2410015',3),(475,'D+',5.9,_binary '',4,'HP8830',5,'B2410015',3),(476,'D',5.1,_binary '',1,'HP2081',3,'B2410015',1),(477,'D+',5.5,_binary '\0',4,'HP7477',2,'B2410015',1),(478,'D',4.7,_binary '',4,'HP9480',2,'B2410015',2),(479,'D+',4.8,_binary '',3,'HP6720',5,'B2410015',3),(480,'D+',6,_binary '',5,'HP1745',1,'B2410015',2),(481,'D',6.3,_binary '\0',1,'HP6285',3,'B2410015',2),(482,'D+',5.2,_binary '\0',3,'HP6764',5,'B2410015',4),(483,'D+',6.4,_binary '',3,'HP6670',5,'B2410015',4),(484,'D+',4.2,_binary '\0',3,'HP9355',4,'B2410015',1),(485,'D+',4.9,_binary '',1,'HP4790',5,'B2410015',2),(486,'D',6.3,_binary '\0',2,'HP1080',4,'B2410015',3),(487,'D',5.9,_binary '',5,'HP4933',1,'B2410015',3),(488,'D',6.2,_binary '',3,'HP6384',1,'B2410015',2),(489,'D',5.7,_binary '\0',2,'HP5731',4,'B2410015',1),(490,'D+',5.4,_binary '\0',3,'HP3501',5,'B2410015',1),(491,'D+',5.2,_binary '\0',4,'HP6655',2,'B2410015',2),(492,'D',5,_binary '',4,'HP2234',5,'B2410015',3),(493,'D+',4.1,_binary '',1,'HP3747',4,'B2410015',3),(494,'D',5.9,_binary '',5,'HP8891',2,'B2410015',3),(495,'D',5.2,_binary '\0',3,'HP6505',2,'B2410015',2),(496,'D',5.2,_binary '',3,'HP6076',2,'B2410015',3),(497,'D+',4.2,_binary '',3,'HP4392',3,'B2410015',2),(498,'D+',6,_binary '\0',4,'HP9566',4,'B2410015',4),(499,'D+',4.9,_binary '\0',5,'HP5760',2,'B2410015',2),(500,'D',5,_binary '',3,'HP2550',3,'B2410015',3),(501,'D+',6,_binary '\0',4,'HP6663',1,'B2410015',4),(502,'D',4.1,_binary '',5,'HP9927',1,'B2410015',1),(503,'D',6.1,_binary '',3,'HP8861',2,'B2410015',2),(504,'D',4.5,_binary '\0',3,'HP3186',4,'B2410015',3),(505,'D+',6.3,_binary '\0',5,'HP5382',4,'B2410015',2),(506,'D',4.7,_binary '\0',4,'HP6078',2,'B2410015',3),(507,'D',5.4,_binary '',3,'HP6435',3,'B2410015',4),(508,'D+',4.2,_binary '',3,'HP3122',1,'B2410015',2),(509,'D',5,_binary '\0',5,'HP5546',5,'B2410015',3),(510,'D',5.6,_binary '',2,'HP2877',1,'B2410015',1),(511,'D',4.4,_binary '\0',5,'HP6428',2,'B2410015',1),(512,'D',5.9,_binary '\0',2,'HP3471',1,'B2410015',3),(513,'D',4.7,_binary '\0',4,'CT188',1,'B2410016',2),(514,'D+',6.2,_binary '',1,'CT294',2,'B2410016',2),(515,'D',4,_binary '\0',4,'CT555',4,'B2410016',1),(516,'D',4.8,_binary '\0',5,'XH028',2,'B2410016',2),(517,'D+',5.7,_binary '\0',1,'CT273',2,'B2410016',2),(518,'D',5.2,_binary '',1,'CT522',2,'B2410016',1),(519,'D+',6.3,_binary '',1,'CT279',5,'B2410016',4),(520,'D+',4.8,_binary '',3,'CT225',1,'B2410016',2),(521,'D+',4.7,_binary '\0',5,'CT173',1,'B2410016',1),(522,'D+',5.8,_binary '',4,'CT180',4,'B2410016',2),(523,'D+',5.6,_binary '\0',1,'CT296',3,'B2410016',3),(524,'D+',4.9,_binary '\0',3,'CT175',4,'B2410016',1),(525,'D+',5.8,_binary '\0',4,'XH011',2,'B2410016',3),(526,'D',4.3,_binary '',1,'CT100',5,'B2410016',1),(527,'D',4.2,_binary '\0',2,'CT335',1,'B2410016',3),(528,'D',4.4,_binary '',2,'HP5262',4,'B2410016',3),(529,'D+',4.5,_binary '\0',2,'HP6169',3,'B2410016',4),(530,'D',6.1,_binary '\0',3,'HP5724',2,'B2410016',2),(531,'D',5,_binary '\0',3,'HP8557',5,'B2410016',3),(532,'D',4.2,_binary '\0',3,'HP6745',2,'B2410016',3),(533,'D',6.2,_binary '\0',2,'HP3606',4,'B2410016',3),(534,'D',5.9,_binary '\0',4,'HP2968',4,'B2410016',2),(535,'D+',6,_binary '',3,'HP3053',2,'B2410016',3),(536,'D',6.1,_binary '',1,'HP3497',5,'B2410016',3),(537,'D',5.6,_binary '\0',3,'HP2510',4,'B2410016',4),(538,'D',4.3,_binary '\0',4,'HP1537',4,'B2410016',3),(539,'D',6.3,_binary '\0',3,'HP8423',1,'B2410016',4),(540,'D+',4.6,_binary '',5,'HP8723',2,'B2410016',3),(541,'D+',5.9,_binary '\0',4,'HP2370',1,'B2410016',3),(542,'D+',5.7,_binary '',2,'HP7796',4,'B2410016',3),(543,'D+',5.6,_binary '\0',2,'HP3404',1,'B2410016',1),(544,'D',5.7,_binary '',5,'HP8206',4,'B2410016',2),(545,'D+',6.2,_binary '\0',3,'HP7217',5,'B2410016',1),(546,'D',5.5,_binary '',5,'HP9575',2,'B2410016',4),(547,'D+',6.2,_binary '',5,'HP8359',1,'B2410016',3),(548,'D+',4.2,_binary '',1,'HP9928',5,'B2410016',2),(549,'D+',4.6,_binary '',1,'HP8322',2,'B2410016',3),(550,'D+',6,_binary '',5,'HP4102',1,'B2410016',1),(551,'D+',5.7,_binary '\0',5,'HP7264',4,'B2410016',4),(552,'D',5.6,_binary '',3,'HP5980',5,'B2410016',3),(553,'D+',4.5,_binary '\0',4,'HP2425',5,'B2410016',3),(554,'D+',5.3,_binary '\0',3,'HP3118',4,'B2410016',4),(555,'D+',4.2,_binary '',5,'HP8131',3,'B2410016',1),(556,'D+',5.2,_binary '\0',1,'HP8932',3,'B2410016',4),(557,'D+',5.1,_binary '',5,'HP2095',5,'B2410016',1),(558,'D+',6.3,_binary '',4,'HP7990',5,'B2410016',1),(559,'D+',4.6,_binary '\0',3,'HP3486',2,'B2410016',4),(560,'D',4.4,_binary '',4,'HP6829',5,'B2410016',1),(561,'D+',6,_binary '',4,'HP3808',3,'B2410016',1),(562,'D+',6,_binary '',4,'HP6872',4,'B2410016',1),(563,'A',8.7,_binary '\0',4,'CT293',3,'B2410017',1),(564,'A+',8.6,_binary '\0',2,'CT177',5,'B2410017',3),(565,'A',8.7,_binary '\0',3,'CT466',4,'B2410017',4),(566,'A',9.5,_binary '\0',2,'CT101',5,'B2410017',2),(567,'A+',8.6,_binary '\0',4,'ML018',2,'B2410017',4),(568,'A',9.3,_binary '\0',3,'QP012',5,'B2410017',2),(569,'A',8.8,_binary '\0',3,'CT225',2,'B2410017',2),(570,'A+',9.5,_binary '\0',5,'HP6194',3,'B2410017',3),(571,'A+',8.6,_binary '\0',4,'HP6048',5,'B2410017',4),(572,'A+',9.1,_binary '',3,'HP5226',1,'B2410017',2),(573,'A',9.4,_binary '\0',4,'HP9374',5,'B2410017',3),(574,'A+',9.3,_binary '',3,'HP9591',3,'B2410017',3),(575,'A',9.4,_binary '\0',2,'HP1156',3,'B2410017',2),(576,'A',9.3,_binary '\0',3,'HP6641',5,'B2410017',1),(577,'A',8.5,_binary '',1,'HP5853',3,'B2410017',4),(578,'A',8.6,_binary '\0',2,'HP9923',4,'B2410017',3),(579,'A+',9.4,_binary '',4,'HP1487',3,'B2410017',1),(580,'A+',9,_binary '',4,'HP3882',3,'B2410017',1),(581,'A+',8.7,_binary '\0',5,'HP4082',1,'B2410017',2),(582,'A+',8.6,_binary '\0',5,'HP8830',5,'B2410017',2),(583,'A+',8.9,_binary '',5,'HP5103',5,'B2410017',2),(584,'A',9.3,_binary '',4,'HP6650',1,'B2410017',3),(585,'A+',8.6,_binary '\0',2,'HP5660',1,'B2410017',3),(586,'A',9.4,_binary '',2,'HP3311',5,'B2410017',3),(587,'A',8.8,_binary '\0',3,'HP3639',5,'B2410017',3),(588,'A+',8.6,_binary '',5,'HP3189',5,'B2410017',4),(589,'A',9.2,_binary '\0',5,'HP9876',5,'B2410017',4),(590,'A',9.3,_binary '\0',5,'HP9958',1,'B2410017',4),(591,'A',9.2,_binary '',5,'HP8198',5,'B2410017',1),(592,'A+',9,_binary '\0',3,'HP3818',1,'B2410017',4),(593,'A+',8.5,_binary '\0',5,'HP7531',3,'B2410017',3),(594,'A+',9.3,_binary '',5,'HP3513',4,'B2410017',4),(595,'A',9,_binary '\0',2,'HP6820',1,'B2410017',4),(596,'A+',8.8,_binary '\0',2,'HP6567',1,'B2410017',3),(597,'A+',8.6,_binary '',1,'HP5690',2,'B2410017',3),(598,'A',9,_binary '\0',4,'HP2480',3,'B2410017',3),(599,'A',8.6,_binary '',5,'HP7248',3,'B2410017',1),(600,'A+',8.6,_binary '\0',5,'HP9573',2,'B2410017',4),(601,'A',9.3,_binary '',4,'HP3768',4,'B2410017',4),(602,'A+',8.7,_binary '',1,'HP4427',4,'B2410017',1),(603,'A',8.8,_binary '\0',5,'HP1922',3,'B2410017',4),(604,'A',9.2,_binary '',5,'HP3836',4,'B2410017',4),(605,'A',8.8,_binary '\0',3,'HP3102',1,'B2410017',1),(606,'A+',9.5,_binary '\0',2,'HP2028',1,'B2410017',4),(607,'C',6.6,_binary '',3,'CT221',5,'B2410018',2),(608,'C+',6.7,_binary '',3,'TN001',5,'B2410018',3),(609,'C+',6.9,_binary '\0',5,'XH028',4,'B2410018',2),(610,'C',7.3,_binary '',2,'KN001',5,'B2410018',2),(611,'C',6.6,_binary '\0',4,'CT174',4,'B2410018',2),(612,'C+',7.4,_binary '',2,'CT177',2,'B2410018',3),(613,'C+',7.2,_binary '\0',4,'CT179',2,'B2410018',2),(614,'C',7.4,_binary '',5,'TC006',1,'B2410018',3),(615,'C',6.6,_binary '',5,'XH023',4,'B2410018',1),(616,'C+',7,_binary '\0',5,'CT226',2,'B2410018',4),(617,'C+',6.8,_binary '',1,'CT294',2,'B2410018',2),(618,'C+',7.1,_binary '\0',5,'ML007',1,'B2410018',1),(619,'C+',6.8,_binary '\0',5,'CT173',4,'B2410018',1),(620,'C',6.9,_binary '',2,'CT300',1,'B2410018',2),(621,'C+',7.3,_binary '',2,'CT176',1,'B2410018',2),(622,'C',6.8,_binary '',1,'TC028',3,'B2410018',2),(623,'C',6.8,_binary '\0',2,'XH024',4,'B2410018',3),(624,'C+',7.2,_binary '',1,'ML016',2,'B2410018',4),(625,'C+',7.2,_binary '\0',2,'TC029',2,'B2410018',3),(626,'C',7.4,_binary '',3,'CT232',3,'B2410018',4),(627,'C+',6.6,_binary '',2,'CT271',4,'B2410018',1),(628,'C+',6.7,_binary '\0',5,'CT178',4,'B2410018',2),(629,'C+',6.9,_binary '',1,'ML014',1,'B2410018',2),(630,'C',7.3,_binary '',3,'CT466',2,'B2410018',4),(631,'C',6.8,_binary '',3,'TC020',4,'B2410018',4),(632,'C+',6.9,_binary '\0',1,'CT273',3,'B2410018',2),(633,'C',7.3,_binary '',3,'CT175',2,'B2410018',1),(634,'C+',7,_binary '\0',4,'CT439',5,'B2410018',1),(635,'C+',7.3,_binary '',3,'TN010',1,'B2410018',1),(636,'C+',6.7,_binary '\0',5,'KN002',1,'B2410018',3),(637,'C+',7.2,_binary '',2,'CT212',4,'B2410018',3),(638,'C+',6.5,_binary '',4,'ML019',5,'B2410018',3),(639,'C',7.4,_binary '',4,'CT555',4,'B2410018',1),(640,'C+',7.3,_binary '\0',1,'XH025',2,'B2410018',3),(641,'C+',7.1,_binary '',1,'ML021',5,'B2410018',1),(642,'C+',6.5,_binary '',5,'KL001',4,'B2410018',1),(643,'C',6.8,_binary '\0',2,'CT275',2,'B2410018',3),(644,'C+',6.8,_binary '\0',1,'TN012',5,'B2410018',1),(645,'C',6.5,_binary '',5,'XH014',5,'B2410018',4),(646,'C+',6.9,_binary '\0',4,'QP011',2,'B2410018',1),(647,'C',6.9,_binary '',4,'ML018',1,'B2410018',4),(648,'C',7.2,_binary '\0',1,'CT182',5,'B2410018',4),(649,'C+',7.4,_binary '',1,'CT100',5,'B2410018',1),(650,'C+',6.8,_binary '',1,'CT522',4,'B2410018',1),(651,'C',6.5,_binary '',4,'CT190',4,'B2410018',4),(652,'C',6.8,_binary '',3,'CT225',2,'B2410018',2),(653,'C+',6.6,_binary '\0',5,'CT476',4,'B2410018',4),(654,'C',7.2,_binary '',2,'CT222',3,'B2410018',1),(655,'C+',7.1,_binary '\0',2,'CT471',1,'B2410018',4),(656,'C+',7.4,_binary '',3,'QP012',3,'B2410018',2),(657,'C+',6.7,_binary '',1,'CT296',2,'B2410018',3),(658,'C+',6.5,_binary '\0',5,'TN002',1,'B2410018',4),(659,'C',6.9,_binary '',4,'CT180',4,'B2410018',2),(660,'A+',9.1,_binary '\0',4,'QP010',1,'B2410019',2),(661,'A',9.3,_binary '',5,'CT476',3,'B2410019',4),(662,'A+',9,_binary '',1,'CT522',3,'B2410019',1),(663,'A+',8.7,_binary '',4,'CT293',5,'B2410019',1),(664,'A',9.1,_binary '',4,'CT179',1,'B2410019',2),(665,'A',8.9,_binary '\0',2,'CT471',5,'B2410019',4),(666,'A',9.2,_binary '\0',3,'CT467',3,'B2410019',4),(667,'A',8.7,_binary '\0',3,'QP012',1,'B2410019',2),(668,'A+',8.6,_binary '\0',5,'CT211',3,'B2410019',2),(669,'A',8.8,_binary '\0',4,'CT174',1,'B2410019',2),(670,'A',8.9,_binary '',2,'CT271',5,'B2410019',1),(671,'A+',8.8,_binary '\0',2,'XH024',1,'B2410019',3),(672,'A',9,_binary '',1,'TC005',1,'B2410019',3),(673,'A+',9.2,_binary '\0',1,'ML021',2,'B2410019',1),(674,'A+',9.2,_binary '',4,'CT428',5,'B2410019',2),(675,'A+',8.7,_binary '',4,'CT439',5,'B2410019',1),(676,'A',8.6,_binary '\0',5,'XH014',4,'B2410019',4),(677,'A',9.3,_binary '\0',1,'TC028',1,'B2410019',2),(678,'A',9.3,_binary '\0',1,'ML016',5,'B2410019',4),(679,'A+',9.2,_binary '\0',3,'TN001',5,'B2410019',3),(680,'A+',8.5,_binary '\0',1,'CT294',2,'B2410019',2),(681,'A',9.3,_binary '\0',4,'CT555',4,'B2410019',1),(682,'A',9.1,_binary '',5,'KL001',5,'B2410019',1),(683,'A',9.3,_binary '',2,'CT177',1,'B2410019',3),(684,'A',8.8,_binary '\0',4,'CT180',4,'B2410019',2),(685,'A+',9.2,_binary '',5,'CT226',1,'B2410019',4),(686,'A',8.9,_binary '',2,'CT101',4,'B2410019',2),(687,'A+',8.6,_binary '\0',1,'CT279',5,'B2410019',4),(688,'A',9.4,_binary '',4,'XH011',3,'B2410019',3),(689,'A+',9.2,_binary '\0',1,'HP2134',2,'B2410019',3),(690,'A',8.6,_binary '\0',1,'HP5037',5,'B2410019',2),(691,'A',8.8,_binary '',5,'HP6155',5,'B2410019',1),(692,'A+',8.5,_binary '',3,'HP7634',3,'B2410019',1),(693,'A',8.7,_binary '\0',4,'HP2202',5,'B2410019',3),(694,'A+',8.6,_binary '',5,'HP6558',3,'B2410019',4),(695,'A+',8.9,_binary '',5,'HP8820',4,'B2410019',4),(696,'A+',9.5,_binary '\0',1,'HP5721',2,'B2410019',4),(697,'A+',8.9,_binary '\0',4,'HP7291',3,'B2410019',2),(698,'A+',8.7,_binary '',4,'HP2957',4,'B2410019',4),(699,'A+',8.5,_binary '',4,'HP3136',4,'B2410019',1),(700,'A',8.9,_binary '',4,'HP8614',4,'B2410019',2),(701,'A+',9.3,_binary '',4,'HP4969',4,'B2410019',4),(702,'A+',9.2,_binary '\0',4,'HP4386',1,'B2410019',1),(703,'A',9.3,_binary '',1,'HP9309',4,'B2410019',1),(704,'A+',8.9,_binary '\0',3,'HP5312',2,'B2410019',4),(705,'A',8.6,_binary '\0',2,'HP7065',3,'B2410019',4),(706,'A',9.1,_binary '',1,'HP4426',2,'B2410019',2),(707,'A',9.4,_binary '',4,'HP9553',1,'B2410019',2),(708,'A',9.4,_binary '\0',1,'HP6542',3,'B2410019',2),(709,'B',7.6,_binary '\0',2,'CT271',2,'B2410020',1),(710,'B',8,_binary '\0',2,'CT176',3,'B2410020',2),(711,'B+',8.2,_binary '\0',3,'QP012',1,'B2410020',2),(712,'B',8.3,_binary '',4,'ML018',2,'B2410020',4),(713,'B+',7.9,_binary '',4,'CT179',2,'B2410020',2),(714,'B',8.4,_binary '\0',4,'CT293',1,'B2410020',1),(715,'B+',7.7,_binary '',2,'CT127',5,'B2410020',2),(716,'B',8.2,_binary '\0',2,'CT335',1,'B2410020',3),(717,'B+',7.7,_binary '\0',1,'CT112',2,'B2410020',2),(718,'B',8,_binary '',5,'CT173',1,'B2410020',1),(719,'B+',8.4,_binary '',3,'TN010',2,'B2410020',1),(720,'B',8.1,_binary '',5,'KL001',3,'B2410020',1),(721,'B+',8,_binary '\0',3,'CT467',2,'B2410020',4),(722,'B+',8.2,_binary '',1,'TC005',5,'B2410020',3),(723,'B',8.4,_binary '',4,'CT174',1,'B2410020',2),(724,'B',8.2,_binary '\0',4,'QP010',2,'B2410020',2),(725,'B+',7.5,_binary '\0',1,'TC030',4,'B2410020',2),(726,'B',7.6,_binary '',4,'CT439',3,'B2410020',1),(727,'B',7.7,_binary '',5,'TC006',5,'B2410020',3),(728,'B',7.6,_binary '\0',2,'CT212',5,'B2410020',3),(729,'B',7.6,_binary '',1,'CT273',1,'B2410020',2),(730,'B',8.1,_binary '\0',2,'QP013',1,'B2410020',3),(731,'B',8.1,_binary '',4,'HP6735',5,'B2410020',1),(732,'B+',8.4,_binary '\0',4,'HP3783',5,'B2410020',2),(733,'B+',8.3,_binary '',3,'HP3914',5,'B2410020',1),(734,'B+',7.7,_binary '\0',3,'HP4907',3,'B2410020',1),(735,'B+',8.3,_binary '\0',3,'HP5564',2,'B2410020',4),(736,'B+',7.6,_binary '\0',5,'HP8224',5,'B2410020',1),(737,'B',8.3,_binary '',3,'HP5078',2,'B2410020',3),(738,'B+',8.3,_binary '',3,'HP2256',5,'B2410020',4),(739,'B',7.9,_binary '\0',2,'HP8849',4,'B2410020',3),(740,'B+',7.7,_binary '\0',4,'HP3984',3,'B2410020',2),(741,'B+',8.4,_binary '\0',5,'HP6460',4,'B2410020',1),(742,'B+',7.8,_binary '',4,'HP7299',5,'B2410020',4),(743,'B+',7.5,_binary '\0',3,'HP4505',5,'B2410020',2),(744,'B+',7.9,_binary '',3,'HP9301',2,'B2410020',1),(745,'B+',8,_binary '\0',1,'HP1183',2,'B2410020',4),(746,'B',8.2,_binary '',3,'HP2674',1,'B2410020',4),(747,'B',8.4,_binary '',2,'HP9603',1,'B2410020',3),(748,'B',8.3,_binary '\0',4,'HP6518',4,'B2410020',4),(749,'B',7.7,_binary '',5,'HP4016',2,'B2410020',4),(750,'B+',8.2,_binary '',2,'HP1166',4,'B2410020',4),(751,'B',8.4,_binary '\0',4,'HP1520',1,'B2410020',2),(752,'B',8,_binary '\0',4,'HP7910',1,'B2410020',4),(753,'B+',7.6,_binary '',2,'HP5992',4,'B2410020',2),(754,'B+',8.1,_binary '',5,'HP6073',3,'B2410020',3),(755,'B+',8.2,_binary '\0',3,'HP2247',1,'B2410020',2),(756,'B+',7.9,_binary '',1,'HP2167',1,'B2410020',1),(757,'B',7.6,_binary '',5,'HP1308',4,'B2410020',2),(758,'B',7.6,_binary '\0',1,'HP7601',4,'B2410020',2),(759,'B+',7.6,_binary '\0',1,'HP2723',1,'B2410020',3),(760,'B',7.7,_binary '',1,'HP6194',5,'B2410020',3),(761,'B+',8.2,_binary '\0',2,'HP1657',5,'B2410020',3),(762,'B',8.3,_binary '',5,'HP7984',4,'B2410020',3),(763,'B+',8.3,_binary '',3,'HP3410',3,'B2410020',4),(764,'B',7.8,_binary '',3,'HP5392',1,'B2410020',2),(765,'B+',8.3,_binary '',4,'HP9740',1,'B2410020',4),(766,'B+',7.9,_binary '',3,'HP9246',1,'B2410020',4),(767,'B',7.7,_binary '\0',5,'HP3925',4,'B2410020',2),(768,'B+',7.7,_binary '\0',2,'HP4667',5,'B2410020',3),(769,'B+',7.9,_binary '',1,'HP2366',3,'B2410020',1),(770,'B',8.2,_binary '\0',2,'HP8889',3,'B2410020',1),(771,'C',6.9,_binary '\0',3,'TC020',4,'B2410021',4),(772,'C',7,_binary '',5,'XH023',4,'B2410021',1),(773,'C+',7.3,_binary '\0',3,'TN001',1,'B2410021',3),(774,'C',7.1,_binary '\0',4,'CT180',2,'B2410021',2),(775,'C',7,_binary '',1,'TN012',1,'B2410021',1),(776,'C',7.2,_binary '\0',2,'CT177',4,'B2410021',3),(777,'C',6.9,_binary '',4,'ML019',5,'B2410021',3),(778,'C',6.8,_binary '\0',2,'QP013',2,'B2410021',3),(779,'C',6.8,_binary '',3,'TN010',4,'B2410021',1),(780,'C',7.1,_binary '',4,'CT293',4,'B2410021',1),(781,'C',6.6,_binary '',2,'CT550',1,'B2410021',1),(782,'C+',6.7,_binary '',5,'CT173',3,'B2410021',1),(783,'C+',6.7,_binary '',5,'TN002',3,'B2410021',4),(784,'C',6.7,_binary '',5,'ML007',5,'B2410021',1),(785,'C+',6.7,_binary '\0',3,'QP012',4,'B2410021',2),(786,'C',6.8,_binary '',5,'XH028',3,'B2410021',2),(787,'C',7.2,_binary '',3,'CT225',2,'B2410021',2),(788,'C+',7.3,_binary '\0',3,'CT175',3,'B2410021',1),(789,'C+',7.2,_binary '\0',4,'XH011',4,'B2410021',3),(790,'C+',6.8,_binary '\0',4,'XH012',3,'B2410021',4),(791,'C+',7.2,_binary '\0',2,'CT335',5,'B2410021',3),(792,'C',6.9,_binary '',4,'CT188',4,'B2410021',2),(793,'C',7.3,_binary '\0',1,'CT279',4,'B2410021',4),(794,'C+',7.1,_binary '',1,'CT296',1,'B2410021',3),(795,'C+',7.1,_binary '\0',4,'CT174',1,'B2410021',2),(796,'C+',7.3,_binary '',5,'CT476',3,'B2410021',4),(797,'C+',7,_binary '\0',2,'HP8664',5,'B2410021',1),(798,'C',7.2,_binary '\0',5,'HP2760',1,'B2410021',3),(799,'C+',7.2,_binary '',1,'HP6016',1,'B2410021',2),(800,'C+',7.2,_binary '',5,'HP1259',3,'B2410021',4),(801,'C',7,_binary '\0',5,'HP4895',5,'B2410021',2),(802,'C',7.3,_binary '\0',5,'HP2189',5,'B2410021',2),(803,'C',6.9,_binary '',5,'HP9074',5,'B2410021',2),(804,'C+',7.3,_binary '',2,'HP9042',2,'B2410021',4),(805,'C+',6.5,_binary '',1,'HP2270',5,'B2410021',1),(806,'C+',6.9,_binary '',4,'HP1315',5,'B2410021',3),(807,'C',7.3,_binary '',5,'HP5564',4,'B2410021',3),(808,'C',6.7,_binary '\0',1,'HP6642',2,'B2410021',2),(809,'C',7.4,_binary '\0',4,'HP6336',5,'B2410021',3),(810,'C',7.2,_binary '\0',4,'HP3599',5,'B2410021',4),(811,'C',6.7,_binary '',4,'HP2145',1,'B2410021',1),(812,'C',7.2,_binary '',1,'HP9128',1,'B2410021',4),(813,'C+',6.6,_binary '',2,'HP9356',5,'B2410021',4),(814,'C',6.7,_binary '\0',3,'HP4236',1,'B2410021',1),(815,'C',6.7,_binary '',3,'HP8059',5,'B2410021',4),(816,'C+',6.7,_binary '\0',3,'HP5797',5,'B2410021',2),(817,'C',7.4,_binary '',1,'HP9972',2,'B2410021',1),(818,'C+',6.7,_binary '',4,'HP6587',1,'B2410021',3),(819,'C',6.8,_binary '',4,'HP4524',5,'B2410021',1),(820,'C+',7.1,_binary '\0',3,'HP3943',5,'B2410021',3),(821,'C',6.9,_binary '',2,'HP8076',3,'B2410021',4),(822,'C',6.7,_binary '',5,'HP4352',2,'B2410021',1),(823,'C+',6.7,_binary '',1,'HP6400',4,'B2410021',4),(824,'C',6.9,_binary '',2,'HP2343',2,'B2410021',2),(825,'C+',6.6,_binary '',3,'HP6969',4,'B2410021',3),(826,'C+',6.5,_binary '\0',5,'HP7044',5,'B2410021',1),(827,'C+',7.1,_binary '\0',1,'HP3493',2,'B2410021',1),(828,'C+',7.3,_binary '\0',5,'HP1933',4,'B2410021',4),(829,'C+',7.4,_binary '\0',2,'HP6269',5,'B2410021',4),(830,'C+',7.3,_binary '',2,'HP8387',1,'B2410021',2),(831,'C+',6.6,_binary '',3,'HP6613',2,'B2410021',2),(832,'C',6.6,_binary '\0',4,'HP9512',5,'B2410021',1),(833,'C+',7.4,_binary '\0',2,'HP7660',5,'B2410021',3),(834,'C+',6.8,_binary '\0',4,'ML018',5,'B2410022',4),(835,'C+',6.9,_binary '',1,'CT182',2,'B2410022',4),(836,'C',6.8,_binary '',4,'QP010',2,'B2410022',2),(837,'C',6.9,_binary '',4,'QP011',4,'B2410022',1),(838,'C',7,_binary '',1,'TN012',1,'B2410022',1),(839,'C',7.3,_binary '\0',5,'CT476',4,'B2410022',4),(840,'C+',6.6,_binary '\0',2,'CT176',1,'B2410022',2),(841,'C',6.9,_binary '',5,'CT173',1,'B2410022',1),(842,'C+',6.7,_binary '',4,'XH012',3,'B2410022',4),(843,'C+',6.9,_binary '\0',1,'CT112',4,'B2410022',2),(844,'C+',6.7,_binary '\0',2,'TC029',2,'B2410022',3),(845,'C',7.2,_binary '\0',2,'CT335',2,'B2410022',3),(846,'C+',6.7,_binary '\0',4,'CT188',3,'B2410022',2),(847,'C+',6.9,_binary '\0',4,'CT555',1,'B2410022',1),(848,'C',7.4,_binary '\0',1,'TC005',2,'B2410022',3),(849,'C',6.6,_binary '\0',4,'CT179',5,'B2410022',2),(850,'C',6.9,_binary '\0',2,'CT300',4,'B2410022',2),(851,'C+',7.3,_binary '',1,'ML021',5,'B2410022',1),(852,'C',6.7,_binary '',2,'XH024',5,'B2410022',3),(853,'C',7.3,_binary '\0',3,'CT221',3,'B2410022',2),(854,'C',6.6,_binary '',4,'CT293',1,'B2410022',1),(855,'C',6.5,_binary '\0',5,'ML007',1,'B2410022',1),(856,'C',6.6,_binary '\0',5,'CT211',2,'B2410022',2),(857,'C+',6.6,_binary '',3,'TN001',5,'B2410022',3),(858,'C',7.2,_binary '',2,'CT212',3,'B2410022',3),(859,'C+',6.8,_binary '',3,'TN010',4,'B2410022',1),(860,'C',6.9,_binary '',3,'TC020',5,'B2410022',4),(861,'C',7.3,_binary '\0',2,'CT177',1,'B2410022',3),(862,'C',6.5,_binary '',4,'CT172',2,'B2410022',1),(863,'C+',7.1,_binary '',4,'CT174',4,'B2410022',2),(864,'C+',7.3,_binary '',4,'CT180',2,'B2410022',2),(865,'C',7.3,_binary '',5,'CT178',3,'B2410022',2),(866,'C',7.2,_binary '\0',3,'CT466',3,'B2410022',4),(867,'C',7.2,_binary '',1,'CT200',3,'B2410022',2),(868,'C',6.7,_binary '\0',2,'CT224',5,'B2410022',4),(869,'C+',6.6,_binary '',4,'XH011',2,'B2410022',3),(870,'C',7.3,_binary '',4,'CT428',3,'B2410022',2),(871,'C',6.9,_binary '\0',1,'ML016',3,'B2410022',4),(872,'C',6.9,_binary '\0',5,'CT226',1,'B2410022',4),(873,'C',6.9,_binary '',5,'KL001',2,'B2410022',1),(874,'C',7.3,_binary '\0',2,'CT471',5,'B2410022',4),(875,'C',6.5,_binary '\0',2,'CT550',4,'B2410022',1),(876,'C+',6.6,_binary '\0',2,'CT271',2,'B2410022',1),(877,'C',6.9,_binary '',1,'TC028',5,'B2410022',2),(878,'C',6.9,_binary '\0',1,'CT273',1,'B2410022',2),(879,'C',7.3,_binary '',1,'CT100',5,'B2410022',1),(880,'C',7,_binary '',1,'XH025',2,'B2410022',3),(881,'C',6.9,_binary '',5,'TC006',5,'B2410022',3),(882,'C+',6.8,_binary '\0',3,'CT175',1,'B2410022',1),(883,'C',7.1,_binary '',1,'CT296',4,'B2410022',3),(884,'C+',6.7,_binary '',2,'KN001',3,'B2410022',2),(885,'C',6.9,_binary '\0',3,'CT232',4,'B2410022',4),(886,'C',7.1,_binary '\0',2,'CT101',4,'B2410022',2),(887,'C+',6.8,_binary '\0',5,'XH023',4,'B2410022',1),(888,'C+',6.6,_binary '',3,'QP012',1,'B2410022',2),(889,'C+',6.8,_binary '',5,'XH028',5,'B2410022',2),(890,'C',7.1,_binary '\0',1,'CT294',5,'B2410022',2),(891,'C+',6.9,_binary '\0',2,'CT275',3,'B2410022',3),(892,'C+',6.8,_binary '\0',5,'HP8113',4,'B2410022',2),(893,'C+',6.9,_binary '',2,'HP9183',5,'B2410022',1),(894,'C',6.9,_binary '',4,'HP5214',4,'B2410022',2),(895,'C',6.7,_binary '\0',4,'HP8243',3,'B2410022',1),(896,'C+',6.6,_binary '\0',5,'HP5971',3,'B2410022',2),(897,'C+',6.8,_binary '\0',2,'HP4823',4,'B2410022',3),(898,'C',7,_binary '',1,'HP8723',1,'B2410022',4),(899,'C',7.2,_binary '',1,'HP1269',5,'B2410022',1),(900,'D+',4.1,_binary '\0',5,'XH014',5,'B2410023',4),(901,'D',5.7,_binary '\0',2,'CT177',3,'B2410023',3),(902,'D+',5.2,_binary '',3,'TN001',4,'B2410023',3),(903,'D+',4.5,_binary '\0',4,'XH011',4,'B2410023',3),(904,'D+',6.1,_binary '\0',2,'QP013',4,'B2410023',3),(905,'D+',5.8,_binary '',2,'CT224',4,'B2410023',4),(906,'D',5.3,_binary '',2,'CT471',4,'B2410023',4),(907,'D+',6.3,_binary '',4,'CT439',2,'B2410023',1),(908,'D',5.5,_binary '',2,'CT275',4,'B2410023',3),(909,'D+',5.6,_binary '\0',3,'QP012',1,'B2410023',2),(910,'D+',6.4,_binary '\0',4,'QP011',4,'B2410023',1),(911,'D+',5.1,_binary '\0',4,'CT293',4,'B2410023',1),(912,'D',5.5,_binary '',1,'CT296',1,'B2410023',3),(913,'D+',5.5,_binary '\0',3,'HP2837',4,'B2410023',3),(914,'D',4.2,_binary '\0',4,'HP4318',3,'B2410023',4),(915,'D',4.5,_binary '\0',3,'HP1693',5,'B2410023',4),(916,'D',4.9,_binary '',2,'HP5713',5,'B2410023',3),(917,'D',4.6,_binary '\0',1,'HP1352',3,'B2410023',3),(918,'D',5.5,_binary '\0',2,'HP6201',3,'B2410023',4),(919,'D+',4.5,_binary '',3,'HP7087',2,'B2410023',4),(920,'D+',4.6,_binary '',1,'HP3334',5,'B2410023',4),(921,'D',5.2,_binary '\0',5,'HP6635',5,'B2410023',1),(922,'D+',5.5,_binary '\0',4,'HP2058',4,'B2410023',3),(923,'D',5.4,_binary '',2,'HP6643',2,'B2410023',1),(924,'D+',5.1,_binary '\0',1,'HP6742',5,'B2410023',4),(925,'D+',5.3,_binary '',3,'HP6697',5,'B2410023',2),(926,'D',4.7,_binary '',1,'HP1340',2,'B2410023',4),(927,'D+',5.1,_binary '\0',3,'HP3161',5,'B2410023',4),(928,'D+',5.5,_binary '',3,'HP8657',2,'B2410023',1),(929,'D',4.1,_binary '\0',5,'HP5916',4,'B2410023',1),(930,'D',4.2,_binary '\0',2,'HP8934',3,'B2410023',4),(931,'D+',4,_binary '\0',2,'HP3447',3,'B2410023',1),(932,'D+',5.3,_binary '',2,'HP1266',5,'B2410023',3),(933,'D+',4.9,_binary '',5,'HP7724',4,'B2410023',1),(934,'D+',4.4,_binary '\0',1,'HP3713',1,'B2410023',4),(935,'D+',4.8,_binary '\0',4,'HP6336',2,'B2410023',1),(936,'D',5.2,_binary '\0',1,'HP5079',3,'B2410023',3),(937,'D+',6,_binary '',4,'HP9348',3,'B2410023',1),(938,'D',4.6,_binary '\0',4,'HP5860',1,'B2410023',3),(939,'D+',4.6,_binary '\0',5,'HP9713',5,'B2410023',3),(940,'D',5.7,_binary '\0',2,'HP8299',1,'B2410023',1),(941,'D',4.9,_binary '',3,'HP7634',2,'B2410023',1),(942,'D',5,_binary '',2,'HP7802',3,'B2410023',2),(943,'D',5.4,_binary '',1,'HP5949',3,'B2410023',4),(944,'D',6.1,_binary '',2,'HP3810',1,'B2410023',2),(945,'D+',5.3,_binary '\0',5,'HP8954',5,'B2410023',1),(946,'D+',4.6,_binary '\0',1,'HP3483',2,'B2410023',3),(947,'D',6,_binary '\0',1,'HP9646',5,'B2410023',1),(948,'D',4.9,_binary '',1,'HP7580',4,'B2410023',1),(949,'D+',4.4,_binary '\0',5,'HP6227',3,'B2410023',1),(950,'D',6.4,_binary '',1,'HP8762',4,'B2410023',2),(951,'D',4.7,_binary '\0',2,'HP3840',2,'B2410023',3),(952,'D',4.3,_binary '\0',1,'HP9392',3,'B2410023',2),(953,'D+',6.3,_binary '',2,'HP2417',2,'B2410023',2),(954,'D+',4.3,_binary '\0',5,'HP3484',3,'B2410023',3),(955,'D',5.9,_binary '',2,'HP7579',5,'B2410023',2),(956,'D+',4,_binary '',5,'HP1469',2,'B2410023',2),(957,'D+',5.1,_binary '',2,'HP4854',1,'B2410023',4),(958,'D',4.5,_binary '\0',4,'HP6943',4,'B2410023',2),(959,'D',5.7,_binary '\0',3,'HP9292',1,'B2410023',4),(960,'B+',8,_binary '',1,'CT273',3,'B2410024',2),(961,'B+',7.5,_binary '',4,'HP3526',2,'B2410024',1),(962,'B',7.6,_binary '\0',4,'HP5558',3,'B2410024',4),(963,'B+',7.7,_binary '\0',5,'HP3893',3,'B2410024',4),(964,'B',7.7,_binary '',3,'HP3472',1,'B2410024',3),(965,'B+',8.3,_binary '',4,'HP2437',1,'B2410024',3),(966,'B',7.6,_binary '\0',1,'HP4274',3,'B2410024',3),(967,'B',7.9,_binary '\0',2,'HP3084',3,'B2410024',1),(968,'B',8.3,_binary '\0',4,'HP2825',5,'B2410024',3),(969,'B+',7.7,_binary '',1,'HP9169',2,'B2410024',4),(970,'B+',8.3,_binary '',3,'HP8576',4,'B2410024',4),(971,'B+',7.6,_binary '',3,'HP6195',2,'B2410024',2),(972,'B+',7.6,_binary '\0',1,'HP7935',5,'B2410024',4),(973,'B',8.4,_binary '',4,'HP6829',3,'B2410024',2),(974,'B',7.7,_binary '\0',2,'HP7475',1,'B2410024',2),(975,'B',8.1,_binary '\0',2,'HP2877',5,'B2410024',4),(976,'B',7.8,_binary '\0',4,'HP3701',5,'B2410024',1),(977,'B',8,_binary '',3,'HP3890',1,'B2410024',1),(978,'B',8,_binary '\0',3,'HP2104',4,'B2410024',2),(979,'B',7.6,_binary '',2,'HP5704',2,'B2410024',2),(980,'B+',7.7,_binary '',2,'HP1827',4,'B2410024',1),(981,'B',8.1,_binary '',4,'HP8481',2,'B2410024',3),(982,'B',7.8,_binary '',1,'HP9503',5,'B2410024',1),(983,'B',8.1,_binary '',4,'HP6412',1,'B2410024',3),(984,'B',7.6,_binary '',3,'HP3391',2,'B2410024',3),(985,'B+',8.4,_binary '\0',3,'HP1533',5,'B2410024',4),(986,'B',7.7,_binary '\0',3,'HP8729',1,'B2410024',3),(987,'B+',7.6,_binary '',1,'HP4703',5,'B2410024',2),(988,'B',7.9,_binary '\0',1,'HP6369',1,'B2410024',2),(989,'B+',7.5,_binary '\0',4,'HP1224',5,'B2410024',1),(990,'B+',8.2,_binary '\0',2,'HP7210',4,'B2410024',3),(991,'B',7.7,_binary '\0',5,'HP9152',2,'B2410024',4),(992,'B+',8,_binary '\0',3,'HP7490',5,'B2410024',3),(993,'B',8.3,_binary '',5,'HP1564',2,'B2410024',1),(994,'B',8.3,_binary '\0',1,'HP3182',1,'B2410024',2),(995,'B+',7.6,_binary '',5,'HP9568',1,'B2410024',2),(996,'B',7.6,_binary '\0',5,'HP6886',5,'B2410024',2),(997,'B+',7.5,_binary '\0',2,'HP4763',1,'B2410024',2),(998,'B+',7.8,_binary '\0',3,'HP4694',2,'B2410024',4),(999,'B',7.8,_binary '',5,'HP2790',3,'B2410024',2),(1000,'B',8,_binary '',2,'HP3122',3,'B2410024',2),(1001,'B',7.5,_binary '\0',1,'HP9249',2,'B2410024',3),(1002,'B+',8.2,_binary '\0',4,'HP6160',2,'B2410024',4),(1003,'B',7.9,_binary '\0',1,'HP9401',2,'B2410024',2),(1004,'B+',7.5,_binary '',3,'HP3682',1,'B2410024',2),(1005,'B',8.2,_binary '\0',3,'HP3152',4,'B2410024',3),(1006,'B+',7.5,_binary '',4,'HP1048',4,'B2410024',3),(1007,'B',8,_binary '',2,'HP7503',5,'B2410024',2),(1008,'B+',7.9,_binary '\0',2,'HP7920',1,'B2410024',3),(1009,'B',7.5,_binary '',1,'HP5031',2,'B2410024',2),(1010,'B+',7.5,_binary '\0',5,'HP5195',2,'B2410024',1),(1011,'B',7.6,_binary '',1,'HP4067',1,'B2410024',1),(1012,'B',8.2,_binary '\0',4,'HP6823',2,'B2410024',2),(1013,'B+',8,_binary '',2,'HP4614',5,'B2410024',2),(1014,'B+',8.3,_binary '',1,'HP1848',2,'B2410024',2),(1015,'B',8,_binary '',1,'HP7382',2,'B2410024',4),(1016,'B+',8.2,_binary '\0',1,'HP5967',5,'B2410024',2),(1017,'B+',8.3,_binary '',5,'HP6548',4,'B2410024',3),(1018,'B+',8.2,_binary '',2,'HP4219',4,'B2410024',1),(1019,'B+',8,_binary '\0',3,'HP7544',4,'B2410024',4),(1020,'B+',7.7,_binary '',3,'HP7096',4,'B2410024',1),(1021,'B',8.3,_binary '\0',1,'HP7835',3,'B2410024',3),(1022,'C+',6.8,_binary '',4,'CT174',5,'B2410025',2),(1023,'C+',7.1,_binary '\0',1,'TC028',5,'B2410025',2),(1024,'C+',6.6,_binary '',5,'TN002',1,'B2410025',4),(1025,'C+',7,_binary '\0',2,'CT177',3,'B2410025',3),(1026,'C+',6.6,_binary '',2,'CT275',1,'B2410025',3),(1027,'C+',6.9,_binary '\0',2,'CT471',1,'B2410025',4),(1028,'C',6.7,_binary '',2,'CT224',2,'B2410025',4),(1029,'C',6.8,_binary '\0',5,'TC006',4,'B2410025',3),(1030,'C',6.7,_binary '',4,'QP010',3,'B2410025',2),(1031,'C',6.9,_binary '',4,'XH012',2,'B2410025',4),(1032,'C+',6.5,_binary '',4,'ML018',2,'B2410025',4),(1033,'C+',6.9,_binary '',4,'CT180',1,'B2410025',2),(1034,'C+',6.8,_binary '\0',2,'QP013',2,'B2410025',3),(1035,'C+',6.8,_binary '',5,'XH023',3,'B2410025',1),(1036,'C',6.7,_binary '',3,'TN001',4,'B2410025',3),(1037,'C+',6.8,_binary '',1,'TC005',3,'B2410025',3),(1038,'C+',7.2,_binary '\0',4,'CT188',3,'B2410025',2),(1039,'C',7.3,_binary '\0',2,'XH024',1,'B2410025',3),(1040,'C+',7.1,_binary '\0',3,'CT221',1,'B2410025',2),(1041,'C',6.9,_binary '\0',5,'ML007',3,'B2410025',1),(1042,'C',6.8,_binary '',2,'CT222',1,'B2410025',1),(1043,'C',6.8,_binary '\0',2,'CT300',3,'B2410025',2),(1044,'C+',6.9,_binary '\0',4,'CT428',4,'B2410025',2),(1045,'C',7.2,_binary '\0',4,'QP011',2,'B2410025',1),(1046,'C+',7,_binary '\0',1,'CT294',3,'B2410025',2),(1047,'C',7.3,_binary '\0',1,'ML016',4,'B2410025',4),(1048,'C+',6.7,_binary '\0',3,'CT175',1,'B2410025',1),(1049,'C',6.6,_binary '\0',4,'CT555',5,'B2410025',1),(1050,'C',6.6,_binary '',1,'CT100',5,'B2410025',1),(1051,'C',7.4,_binary '\0',2,'CT335',5,'B2410025',3),(1052,'C+',7.2,_binary '',4,'CT179',1,'B2410025',2),(1053,'C+',6.6,_binary '\0',5,'XH014',3,'B2410025',4),(1054,'C',7.2,_binary '',2,'KN001',3,'B2410025',2),(1055,'C+',6.5,_binary '\0',5,'KL001',5,'B2410025',1),(1056,'C+',7.2,_binary '\0',1,'TN012',2,'B2410025',1),(1057,'C+',6.7,_binary '',3,'CT466',1,'B2410025',4),(1058,'C',6.6,_binary '\0',3,'CT225',3,'B2410025',2),(1059,'C+',6.9,_binary '',5,'CT476',3,'B2410025',4),(1060,'C',6.9,_binary '',4,'CT190',3,'B2410025',4),(1061,'C',7.1,_binary '',3,'CT467',3,'B2410025',4),(1062,'C',7.1,_binary '\0',4,'CT439',4,'B2410025',1),(1063,'C',6.7,_binary '',1,'TC030',2,'B2410025',2),(1064,'C',7.3,_binary '\0',1,'CT279',5,'B2410025',4),(1065,'C+',7,_binary '\0',1,'ML021',1,'B2410025',1),(1066,'C+',6.7,_binary '\0',1,'CT182',3,'B2410025',4),(1067,'C',7.1,_binary '',1,'CT200',2,'B2410025',2),(1068,'C',6.9,_binary '\0',3,'TN010',3,'B2410025',1),(1069,'C',6.5,_binary '',5,'CT178',1,'B2410025',2),(1070,'C+',7.1,_binary '',3,'TC020',2,'B2410025',4),(1071,'C+',7.2,_binary '\0',1,'CT296',4,'B2410025',3),(1072,'C',7.2,_binary '\0',4,'XH011',3,'B2410025',3),(1073,'C',6.9,_binary '\0',2,'TC029',5,'B2410025',3),(1074,'C+',7.3,_binary '',1,'CT112',4,'B2410025',2),(1075,'C',6.8,_binary '\0',2,'CT176',4,'B2410025',2),(1076,'C+',6.5,_binary '',5,'CT226',3,'B2410025',4),(1077,'C+',7,_binary '\0',5,'XH028',3,'B2410025',2),(1078,'C',7.2,_binary '',1,'CT522',5,'B2410025',1),(1079,'C',6.8,_binary '\0',3,'QP012',3,'B2410025',2),(1080,'C',7,_binary '\0',5,'KN002',4,'B2410025',3),(1081,'C+',7.3,_binary '',2,'CT101',1,'B2410025',2),(1082,'C',7.2,_binary '\0',1,'ML014',5,'B2410025',2),(1083,'C+',6.9,_binary '\0',2,'CT550',1,'B2410025',1),(1084,'C+',6.9,_binary '',2,'CT127',3,'B2410025',2),(1085,'C',6.7,_binary '',1,'CT273',5,'B2410025',2),(1086,'C+',6.7,_binary '\0',1,'XH025',1,'B2410025',3),(1087,'C+',6.6,_binary '\0',3,'CT232',5,'B2410025',4),(1088,'C',7.4,_binary '\0',4,'CT172',2,'B2410025',1),(1089,'C+',7.1,_binary '',5,'CT211',5,'B2410025',2),(1090,'C',6.6,_binary '',5,'CT173',3,'B2410025',1),(1091,'A+',8.8,_binary '\0',2,'CT212',4,'B2410026',3),(1092,'A+',9.2,_binary '\0',1,'ML021',4,'B2410026',1),(1093,'A+',9.2,_binary '\0',5,'ML007',3,'B2410026',1),(1094,'A+',8.5,_binary '',2,'CT335',2,'B2410026',3),(1095,'A',8.5,_binary '\0',1,'CT112',4,'B2410026',2),(1096,'A',9,_binary '\0',3,'CT175',1,'B2410026',1),(1097,'A',9,_binary '',1,'CT100',4,'B2410026',1),(1098,'A',8.5,_binary '',2,'QP013',2,'B2410026',3),(1099,'A+',8.7,_binary '\0',1,'TC028',5,'B2410026',2),(1100,'A',9.3,_binary '\0',1,'CT273',2,'B2410026',2),(1101,'A+',8.8,_binary '',5,'HP6545',3,'B2410026',3),(1102,'A+',8.8,_binary '',4,'HP1803',4,'B2410026',2),(1103,'A',8.7,_binary '',1,'HP3668',1,'B2410026',3),(1104,'A',8.9,_binary '\0',3,'HP2408',2,'B2410026',4),(1105,'A',9.1,_binary '',5,'HP4071',2,'B2410026',1),(1106,'A+',9.3,_binary '',3,'HP1787',2,'B2410026',4),(1107,'A+',9,_binary '\0',1,'HP4643',3,'B2410026',2),(1108,'A+',9.3,_binary '',4,'HP7213',1,'B2410026',4),(1109,'A',9.3,_binary '\0',3,'HP8959',1,'B2410026',3),(1110,'A',9.4,_binary '\0',1,'HP6937',2,'B2410026',2),(1111,'A+',9.3,_binary '\0',1,'HP7927',1,'B2410026',3),(1112,'A+',8.7,_binary '',3,'HP7304',1,'B2410026',4),(1113,'A+',9.3,_binary '',2,'HP4638',2,'B2410026',1),(1114,'A',9,_binary '\0',5,'HP8117',4,'B2410026',1),(1115,'A+',9.5,_binary '',3,'HP1961',5,'B2410026',2),(1116,'A+',9,_binary '\0',4,'HP1247',2,'B2410026',4),(1117,'A+',9.2,_binary '',4,'HP9442',2,'B2410026',3),(1118,'A+',8.9,_binary '\0',3,'HP3124',5,'B2410026',2),(1119,'A+',9,_binary '\0',1,'HP9984',2,'B2410026',3),(1120,'A',8.6,_binary '',1,'HP6732',4,'B2410026',1),(1121,'A+',8.9,_binary '\0',3,'HP8087',2,'B2410026',3),(1122,'A',9.2,_binary '',3,'HP8427',5,'B2410026',4),(1123,'A',9.3,_binary '',1,'HP1594',4,'B2410026',1),(1124,'A+',8.6,_binary '\0',1,'HP9310',3,'B2410026',2),(1125,'A+',9.5,_binary '\0',2,'HP1470',2,'B2410026',1),(1126,'A+',8.6,_binary '',2,'HP7042',1,'B2410026',4),(1127,'A+',8.9,_binary '',2,'HP8235',2,'B2410026',2),(1128,'A+',9,_binary '',2,'HP9528',5,'B2410026',2),(1129,'A+',8.8,_binary '',5,'HP2418',5,'B2410026',3),(1130,'A+',8.8,_binary '',3,'HP7501',4,'B2410026',1),(1131,'A',9.2,_binary '\0',3,'HP3011',5,'B2410026',3),(1132,'A+',9.1,_binary '',3,'HP3583',1,'B2410026',4),(1133,'A',9.2,_binary '\0',4,'HP5097',3,'B2410026',1),(1134,'A+',9.2,_binary '\0',4,'HP4713',5,'B2410026',2),(1135,'A',9.5,_binary '\0',3,'HP8754',1,'B2410026',2),(1136,'A+',8.5,_binary '\0',2,'HP9041',3,'B2410026',3),(1137,'A+',9,_binary '\0',5,'HP5449',2,'B2410026',3),(1138,'A+',9.2,_binary '',4,'HP9618',5,'B2410026',3),(1139,'A+',8.8,_binary '\0',3,'HP4059',2,'B2410026',4),(1140,'A+',8.9,_binary '\0',4,'HP3263',3,'B2410026',1),(1141,'A',8.5,_binary '',5,'HP8045',1,'B2410026',4),(1142,'A+',8.6,_binary '\0',3,'HP4648',3,'B2410026',1),(1143,'A+',9.1,_binary '',3,'HP2785',5,'B2410026',2),(1144,'A+',9.1,_binary '',5,'HP6266',2,'B2410026',3),(1145,'A',8.5,_binary '',5,'HP5770',4,'B2410026',3),(1146,'A',8.5,_binary '',2,'HP8715',4,'B2410026',3),(1147,'A',9.2,_binary '',1,'HP4086',5,'B2410026',2),(1148,'A+',9.4,_binary '',4,'HP4964',2,'B2410026',1),(1149,'A',8.9,_binary '\0',3,'HP2144',4,'B2410026',4),(1150,'A',9.3,_binary '',2,'HP6784',1,'B2410026',2),(1151,'A',9.3,_binary '',5,'HP2470',1,'B2410026',4),(1152,'A',8.7,_binary '\0',1,'HP8381',5,'B2410026',2),(1153,'C',7.3,_binary '\0',5,'KL001',2,'B2410027',1),(1154,'C',6.8,_binary '',5,'KN002',4,'B2410027',3),(1155,'C+',6.9,_binary '\0',1,'CT296',4,'B2410027',3),(1156,'C',7,_binary '\0',4,'ML018',5,'B2410027',4),(1157,'C',7.3,_binary '',4,'CT190',4,'B2410027',4),(1158,'C',7,_binary '',3,'CT221',1,'B2410027',2),(1159,'C+',7.2,_binary '\0',2,'CT177',4,'B2410027',3),(1160,'C+',7,_binary '\0',5,'CT476',1,'B2410027',4),(1161,'C',6.6,_binary '',2,'QP013',3,'B2410027',3),(1162,'C',7.4,_binary '',1,'CT100',4,'B2410027',1),(1163,'C',7.4,_binary '',5,'XH023',2,'B2410027',1),(1164,'C',6.7,_binary '\0',4,'CT555',2,'B2410027',1),(1165,'C',7,_binary '',2,'CT300',2,'B2410027',2),(1166,'C',6.7,_binary '\0',4,'CT439',2,'B2410027',1),(1167,'C+',7.1,_binary '\0',1,'ML016',1,'B2410027',4),(1168,'C+',7.3,_binary '',2,'CT127',3,'B2410027',2),(1169,'C',6.7,_binary '\0',4,'CT428',1,'B2410027',2),(1170,'C+',6.6,_binary '',1,'CT279',4,'B2410027',4),(1171,'C',6.8,_binary '\0',1,'CT294',2,'B2410027',2),(1172,'C',7.1,_binary '',1,'TC028',1,'B2410027',2),(1173,'C+',6.7,_binary '',3,'TN010',1,'B2410027',1),(1174,'C+',7.1,_binary '\0',1,'TN012',1,'B2410027',1),(1175,'C',7.2,_binary '',4,'QP010',4,'B2410027',2),(1176,'C',6.7,_binary '\0',3,'TC020',1,'B2410027',4),(1177,'C+',7.2,_binary '',2,'CT212',1,'B2410027',3),(1178,'C+',7.1,_binary '\0',1,'CT200',5,'B2410027',2),(1179,'C+',6.9,_binary '',2,'CT550',2,'B2410027',1),(1180,'C',6.9,_binary '\0',4,'XH011',3,'B2410027',3),(1181,'C+',6.7,_binary '\0',5,'CT211',3,'B2410027',2),(1182,'C',7.2,_binary '\0',4,'CT293',1,'B2410027',1),(1183,'C',7,_binary '',5,'CT178',3,'B2410027',2),(1184,'C+',7.1,_binary '',4,'QP011',1,'B2410027',1),(1185,'C+',6.5,_binary '',1,'CT522',4,'B2410027',1),(1186,'C',7.2,_binary '\0',4,'CT179',2,'B2410027',2),(1187,'C+',7.2,_binary '',1,'CT273',2,'B2410027',2),(1188,'C+',6.8,_binary '\0',3,'CT175',3,'B2410027',1),(1189,'C',6.6,_binary '\0',5,'HP2456',1,'B2410027',4),(1190,'C+',7.2,_binary '',4,'HP8276',5,'B2410027',1),(1191,'C+',6.6,_binary '\0',4,'HP8528',4,'B2410027',2),(1192,'C+',7.1,_binary '',3,'HP2684',5,'B2410027',2),(1193,'C+',6.6,_binary '\0',3,'HP3540',4,'B2410027',4),(1194,'C',6.7,_binary '',2,'HP2646',4,'B2410027',4),(1195,'C+',6.7,_binary '',3,'HP5683',3,'B2410027',3),(1196,'C',6.7,_binary '\0',2,'HP3447',1,'B2410027',2),(1197,'C',7.1,_binary '\0',4,'HP2006',5,'B2410027',4),(1198,'C+',6.9,_binary '',3,'HP6330',2,'B2410027',4),(1199,'C+',6.8,_binary '',2,'HP2429',2,'B2410027',4),(1200,'C',7.4,_binary '\0',5,'HP6430',5,'B2410027',3),(1201,'C+',7,_binary '',1,'HP5581',2,'B2410027',4),(1202,'C+',7.2,_binary '',4,'HP7715',5,'B2410027',4),(1203,'C+',6.9,_binary '\0',3,'HP6214',5,'B2410027',3),(1204,'C+',7.3,_binary '',1,'HP2882',1,'B2410027',2),(1205,'C',7.2,_binary '\0',2,'HP1350',5,'B2410027',4),(1206,'C+',7.1,_binary '\0',2,'HP3354',4,'B2410027',3),(1207,'C',6.8,_binary '\0',5,'HP4708',1,'B2410027',3),(1208,'C+',6.9,_binary '\0',1,'HP5230',1,'B2410027',4),(1209,'C',6.8,_binary '\0',4,'HP1229',3,'B2410027',3),(1210,'C',6.7,_binary '\0',4,'HP2419',3,'B2410027',3),(1211,'C+',6.6,_binary '',1,'HP9017',5,'B2410027',4),(1212,'D+',4.4,_binary '\0',1,'CT182',4,'B2410028',4),(1213,'D',5.4,_binary '',5,'CT226',2,'B2410028',4),(1214,'D+',4.6,_binary '\0',2,'CT212',1,'B2410028',3),(1215,'D+',4.9,_binary '\0',5,'XH028',2,'B2410028',2),(1216,'D',6,_binary '\0',4,'CT188',4,'B2410028',2),(1217,'D+',6,_binary '',1,'CT100',3,'B2410028',1),(1218,'D+',6.3,_binary '',2,'XH024',3,'B2410028',3),(1219,'D+',5.7,_binary '\0',1,'CT294',2,'B2410028',2),(1220,'D+',6.2,_binary '',1,'ML014',4,'B2410028',2),(1221,'D',5,_binary '',4,'ML019',3,'B2410028',3),(1222,'D',4.5,_binary '\0',5,'CT211',1,'B2410028',2),(1223,'D',5,_binary '\0',2,'KN001',1,'B2410028',2),(1224,'D',5.4,_binary '\0',1,'CT200',5,'B2410028',2),(1225,'D',4.4,_binary '',1,'CT296',3,'B2410028',3),(1226,'D',6.2,_binary '\0',5,'KL001',2,'B2410028',1),(1227,'D',6,_binary '\0',3,'CT232',4,'B2410028',4),(1228,'D',6.3,_binary '',2,'CT127',3,'B2410028',2),(1229,'D+',5.6,_binary '\0',2,'CT471',2,'B2410028',4),(1230,'D',6.3,_binary '',3,'CT225',2,'B2410028',2),(1231,'D',5.1,_binary '',3,'TC020',4,'B2410028',4),(1232,'D+',5.8,_binary '',1,'TN012',4,'B2410028',1),(1233,'D+',4.2,_binary '\0',4,'ML018',5,'B2410028',4),(1234,'D',5.2,_binary '',4,'CT555',2,'B2410028',1),(1235,'D+',5.3,_binary '',5,'KN002',4,'B2410028',3),(1236,'D+',4.1,_binary '',4,'QP011',3,'B2410028',1),(1237,'D',4.6,_binary '\0',5,'CT178',1,'B2410028',2),(1238,'D+',4.3,_binary '\0',2,'CT271',1,'B2410028',1),(1239,'D',5.4,_binary '',2,'CT550',5,'B2410028',1),(1240,'D',5.2,_binary '\0',3,'TN010',3,'B2410028',1),(1241,'D',4,_binary '\0',1,'TC005',5,'B2410028',3),(1242,'D',5.7,_binary '',1,'TC028',3,'B2410028',2),(1243,'D+',5.1,_binary '\0',4,'CT293',5,'B2410028',1),(1244,'D',6.1,_binary '\0',4,'CT174',1,'B2410028',2),(1245,'D',4.1,_binary '\0',3,'TN001',5,'B2410028',3),(1246,'D',5.8,_binary '\0',4,'CT179',3,'B2410028',2),(1247,'D',5,_binary '\0',5,'CT476',1,'B2410028',4),(1248,'D',4.5,_binary '',1,'ML016',4,'B2410028',4),(1249,'D',5.3,_binary '\0',2,'CT335',4,'B2410028',3),(1250,'D+',4.2,_binary '\0',4,'QP010',5,'B2410028',2),(1251,'D+',5,_binary '\0',2,'QP013',3,'B2410028',3),(1252,'D',5.9,_binary '',2,'CT300',3,'B2410028',2),(1253,'D',4.5,_binary '\0',5,'TC006',4,'B2410028',3),(1254,'D',5.8,_binary '\0',2,'CT101',2,'B2410028',2),(1255,'D',4.1,_binary '\0',3,'CT221',3,'B2410028',2),(1256,'D+',5.9,_binary '',1,'XH025',1,'B2410028',3),(1257,'D+',5,_binary '\0',2,'CT224',4,'B2410028',4),(1258,'D+',4.1,_binary '',1,'CT112',1,'B2410028',2),(1259,'D',4.8,_binary '',5,'ML007',3,'B2410028',1),(1260,'D+',5.3,_binary '\0',4,'CT190',4,'B2410028',4),(1261,'D+',5.8,_binary '\0',3,'CT467',2,'B2410028',4),(1262,'D+',6.2,_binary '\0',4,'CT439',3,'B2410028',1),(1263,'D+',5.6,_binary '',1,'CT522',5,'B2410028',1),(1264,'D',5.5,_binary '',1,'CT279',1,'B2410028',4),(1265,'D+',4.4,_binary '',2,'TC029',5,'B2410028',3),(1266,'D',5.4,_binary '',2,'CT176',4,'B2410028',2),(1267,'D',5.7,_binary '\0',4,'XH011',2,'B2410028',3),(1268,'D+',4.7,_binary '',4,'CT428',1,'B2410028',2),(1269,'D+',4.9,_binary '',4,'CT172',1,'B2410028',1),(1270,'D+',6.3,_binary '',5,'CT173',2,'B2410028',1),(1271,'D',5,_binary '\0',5,'XH014',5,'B2410028',4),(1272,'D+',4.8,_binary '',4,'CT180',1,'B2410028',2),(1273,'D',4.2,_binary '\0',3,'CT175',5,'B2410028',1),(1274,'D',5.4,_binary '\0',1,'CT273',2,'B2410028',2),(1275,'D+',5.5,_binary '\0',3,'HP7105',3,'B2410028',4),(1276,'D',5.3,_binary '',2,'CT335',1,'B2410029',3),(1277,'D',4.5,_binary '',1,'ML021',1,'B2410029',1),(1278,'D+',5.8,_binary '',1,'CT294',1,'B2410029',2),(1279,'D+',4,_binary '\0',1,'CT200',3,'B2410029',2),(1280,'D+',6.3,_binary '',4,'XH012',1,'B2410029',4),(1281,'D+',4.9,_binary '',3,'TN010',5,'B2410029',1),(1282,'D+',6.2,_binary '\0',5,'TC006',3,'B2410029',3),(1283,'D',4.1,_binary '\0',2,'XH024',4,'B2410029',3),(1284,'D+',4.3,_binary '\0',5,'XH014',5,'B2410029',4),(1285,'D',5.1,_binary '\0',4,'QP010',4,'B2410029',2),(1286,'D',4.6,_binary '\0',2,'CT177',4,'B2410029',3),(1287,'D',5.2,_binary '\0',3,'TN001',1,'B2410029',3),(1288,'D',4.8,_binary '',4,'CT428',5,'B2410029',2),(1289,'D+',6.2,_binary '',5,'CT211',3,'B2410029',2),(1290,'D+',5.9,_binary '',5,'ML007',4,'B2410029',1),(1291,'D+',4.2,_binary '',2,'CT275',1,'B2410029',3),(1292,'D+',5.7,_binary '\0',2,'CT271',2,'B2410029',1),(1293,'D+',5.7,_binary '\0',2,'CT212',3,'B2410029',3),(1294,'D',4.7,_binary '\0',4,'CT179',2,'B2410029',2),(1295,'D',5.9,_binary '\0',2,'CT224',5,'B2410029',4),(1296,'D+',6.3,_binary '',1,'XH025',2,'B2410029',3),(1297,'D+',5.4,_binary '',4,'CT188',2,'B2410029',2),(1298,'D',6.3,_binary '',3,'CT467',5,'B2410029',4),(1299,'D',4.9,_binary '',5,'XH023',5,'B2410029',1),(1300,'D',6.1,_binary '\0',3,'CT225',5,'B2410029',2),(1301,'D',4.9,_binary '\0',4,'ML018',2,'B2410029',4),(1302,'D',5.7,_binary '',4,'CT190',5,'B2410029',4),(1303,'D',5.1,_binary '',3,'CT221',4,'B2410029',2),(1304,'D',5.1,_binary '',5,'CT178',2,'B2410029',2),(1305,'D',5.1,_binary '\0',4,'CT439',4,'B2410029',1),(1306,'D+',5.6,_binary '',2,'CT176',2,'B2410029',2),(1307,'D',5.5,_binary '',1,'ML016',2,'B2410029',4),(1308,'D+',6.1,_binary '',1,'CT279',5,'B2410029',4),(1309,'D+',6.2,_binary '\0',2,'CT127',2,'B2410029',2),(1310,'D',4.3,_binary '',2,'CT101',5,'B2410029',2),(1311,'D+',5.6,_binary '',2,'CT300',1,'B2410029',2),(1312,'D+',4.6,_binary '',1,'CT112',5,'B2410029',2),(1313,'D+',4.4,_binary '\0',3,'CT175',5,'B2410029',1),(1314,'D',5.4,_binary '\0',4,'CT555',3,'B2410029',1),(1315,'D+',5.4,_binary '\0',5,'HP3768',2,'B2410029',2),(1316,'D+',4.2,_binary '\0',2,'HP6954',3,'B2410029',3),(1317,'D',5.5,_binary '\0',5,'HP4147',4,'B2410029',2),(1318,'D+',4.2,_binary '\0',3,'HP6087',4,'B2410029',1),(1319,'D+',4.3,_binary '\0',3,'HP5183',2,'B2410029',1),(1320,'D+',6.4,_binary '\0',4,'HP5287',3,'B2410029',4),(1321,'D+',5.3,_binary '',3,'HP3498',3,'B2410029',2),(1322,'D+',4.9,_binary '\0',1,'HP3100',1,'B2410029',2),(1323,'D',6.3,_binary '\0',2,'HP8201',3,'B2410029',2),(1324,'D',4.4,_binary '',5,'HP1618',5,'B2410029',2),(1325,'D+',4,_binary '',2,'HP8493',1,'B2410029',4),(1326,'D+',5.7,_binary '\0',4,'HP7033',5,'B2410029',4),(1327,'D',5.6,_binary '',2,'HP9739',2,'B2410029',3),(1328,'D+',5.3,_binary '',2,'HP2540',2,'B2410029',1),(1329,'D',4.9,_binary '',4,'HP7687',1,'B2410029',3),(1330,'D+',4.1,_binary '',4,'HP9411',5,'B2410029',2),(1331,'D+',5.5,_binary '',5,'HP6693',4,'B2410029',1),(1332,'D',4.5,_binary '\0',5,'HP5286',3,'B2410029',1),(1333,'D',4.5,_binary '',4,'HP4745',1,'B2410029',1),(1334,'D',5.6,_binary '\0',5,'HP1277',3,'B2410029',1),(1335,'D',5.9,_binary '\0',5,'HP5978',1,'B2410029',3),(1336,'D+',4.5,_binary '',3,'HP1314',1,'B2410029',1),(1337,'D+',5.2,_binary '\0',4,'HP8288',2,'B2410029',4),(1338,'D',5.9,_binary '\0',3,'HP6814',4,'B2410029',3),(1339,'D+',6.4,_binary '',1,'HP5576',3,'B2410029',4),(1340,'A',9.2,_binary '\0',1,'TC005',2,'B2410030',3),(1341,'A',9.4,_binary '',4,'CT293',2,'B2410030',1),(1342,'A',8.5,_binary '\0',2,'CT550',5,'B2410030',1),(1343,'A',8.6,_binary '',4,'ML019',3,'B2410030',3),(1344,'A+',8.7,_binary '\0',2,'CT177',2,'B2410030',3),(1345,'A+',9.1,_binary '\0',2,'CT271',1,'B2410030',1),(1346,'A',9.2,_binary '',5,'CT178',5,'B2410030',2),(1347,'A+',8.9,_binary '',5,'CT211',1,'B2410030',2),(1348,'A+',9.4,_binary '\0',3,'CT221',4,'B2410030',2),(1349,'A',8.5,_binary '\0',1,'CT279',3,'B2410030',4),(1350,'A+',9.3,_binary '',4,'CT439',1,'B2410030',1),(1351,'A+',9.3,_binary '',1,'ML014',5,'B2410030',2),(1352,'A',9.1,_binary '\0',1,'CT182',1,'B2410030',4),(1353,'A+',9,_binary '\0',2,'CT471',1,'B2410030',4),(1354,'A+',8.6,_binary '\0',1,'CT200',3,'B2410030',2),(1355,'A+',8.6,_binary '',1,'CT522',5,'B2410030',1),(1356,'A+',9.4,_binary '',4,'ML018',3,'B2410030',4),(1357,'A',9,_binary '\0',5,'KL001',3,'B2410030',1),(1358,'A',8.5,_binary '',3,'CT175',3,'B2410030',1),(1359,'A',9,_binary '',2,'CT224',4,'B2410030',4),(1360,'A+',9.1,_binary '',1,'TN012',2,'B2410030',1),(1361,'A+',9.1,_binary '',1,'CT273',1,'B2410030',2),(1362,'A',9.2,_binary '\0',5,'CT226',2,'B2410030',4),(1363,'A+',8.8,_binary '\0',2,'CT212',2,'B2410030',3),(1364,'A',9.1,_binary '',2,'CT300',4,'B2410030',2),(1365,'A+',9.5,_binary '\0',1,'CT100',4,'B2410030',1),(1366,'A+',9.1,_binary '',2,'TC029',5,'B2410030',3),(1367,'A',9.4,_binary '',4,'XH011',4,'B2410030',3),(1368,'A',9.1,_binary '\0',5,'XH028',2,'B2410030',2),(1369,'A+',9.4,_binary '\0',3,'CT225',3,'B2410030',2),(1370,'A+',8.6,_binary '',3,'TC020',5,'B2410030',4),(1371,'A+',8.7,_binary '\0',5,'XH014',5,'B2410030',4),(1372,'A',9.3,_binary '',2,'CT275',2,'B2410030',3),(1373,'A',9,_binary '\0',1,'ML016',5,'B2410030',4),(1374,'A',8.9,_binary '',4,'CT188',2,'B2410030',2),(1375,'A+',9.4,_binary '',1,'TC030',5,'B2410030',2),(1376,'A+',8.7,_binary '',1,'CT112',3,'B2410030',2),(1377,'A',8.7,_binary '\0',4,'CT180',4,'B2410030',2),(1378,'A',9,_binary '',2,'CT127',5,'B2410030',2),(1379,'A',8.5,_binary '',4,'CT172',1,'B2410030',1),(1380,'A',8.6,_binary '',2,'QP013',5,'B2410030',3),(1381,'A',8.8,_binary '',1,'CT294',2,'B2410030',2),(1382,'A+',8.6,_binary '\0',2,'CT101',3,'B2410030',2),(1383,'A+',8.9,_binary '\0',5,'XH023',2,'B2410030',1),(1384,'A',8.8,_binary '\0',1,'TC028',2,'B2410030',2),(1385,'A+',8.7,_binary '',2,'CT222',3,'B2410030',1),(1386,'A',8.9,_binary '\0',5,'CT173',3,'B2410030',1),(1387,'A',8.8,_binary '',3,'TN010',2,'B2410030',1),(1388,'A+',9.3,_binary '\0',3,'CT232',4,'B2410030',4),(1389,'A+',8.5,_binary '\0',4,'CT179',1,'B2410030',2),(1390,'A',8.7,_binary '',1,'XH025',5,'B2410030',3),(1391,'A+',8.8,_binary '',3,'TN001',2,'B2410030',3),(1392,'A+',9,_binary '',4,'XH012',4,'B2410030',4),(1393,'A',8.6,_binary '\0',4,'QP011',4,'B2410030',1),(1394,'A',9.1,_binary '\0',4,'CT428',5,'B2410030',2),(1395,'A+',9.3,_binary '\0',2,'XH024',2,'B2410030',3),(1396,'A+',8.8,_binary '\0',3,'CT466',3,'B2410030',4),(1397,'A',8.9,_binary '',4,'QP010',5,'B2410030',2),(1398,'A+',8.7,_binary '',3,'HP6554',4,'B2410030',4),(1399,'A',9.2,_binary '\0',2,'HP2819',5,'B2410030',2),(1400,'A',9.2,_binary '\0',3,'HP5869',2,'B2410030',1),(1401,'A',9.4,_binary '\0',5,'HP8212',5,'B2410030',4),(1402,'A+',9.2,_binary '\0',1,'HP1758',3,'B2410030',2),(1403,'A',9.3,_binary '',4,'HP2651',2,'B2410030',4),(1404,'C',7,_binary '',1,'TN012',1,'B2410031',1),(1405,'C',7.3,_binary '\0',5,'XH023',3,'B2410031',1),(1406,'C+',6.9,_binary '',1,'XH025',1,'B2410031',3),(1407,'C',7,_binary '',4,'QP011',4,'B2410031',1),(1408,'C',6.7,_binary '',2,'CT471',2,'B2410031',4),(1409,'C',6.6,_binary '',4,'CT428',2,'B2410031',2),(1410,'C+',6.6,_binary '\0',4,'CT174',4,'B2410031',2),(1411,'C',6.6,_binary '',1,'TC005',3,'B2410031',3),(1412,'C+',7.1,_binary '',1,'TC030',3,'B2410031',2),(1413,'C',7,_binary '',1,'CT273',3,'B2410031',2),(1414,'C+',7.1,_binary '\0',1,'CT100',5,'B2410031',1),(1415,'C+',6.9,_binary '',4,'CT555',5,'B2410031',1),(1416,'C',6.7,_binary '',4,'CT179',4,'B2410031',2),(1417,'C',7,_binary '\0',3,'CT466',4,'B2410031',4),(1418,'C',7.3,_binary '\0',2,'QP013',4,'B2410031',3),(1419,'C',7.1,_binary '',5,'CT211',4,'B2410031',2),(1420,'C+',6.9,_binary '\0',4,'CT172',1,'B2410031',1),(1421,'C',7.3,_binary '',5,'CT226',3,'B2410031',4),(1422,'C',6.6,_binary '',2,'CT101',2,'B2410031',2),(1423,'C',7.1,_binary '',5,'CT476',4,'B2410031',4),(1424,'C+',6.7,_binary '',2,'CT127',1,'B2410031',2),(1425,'C+',6.8,_binary '\0',4,'XH012',2,'B2410031',4),(1426,'C+',6.9,_binary '',3,'CT221',4,'B2410031',2),(1427,'C+',6.6,_binary '\0',5,'HP6773',5,'B2410031',3),(1428,'C',6.5,_binary '',1,'HP4231',1,'B2410031',2),(1429,'C',7,_binary '',2,'HP2596',2,'B2410031',4),(1430,'C',6.9,_binary '\0',5,'HP6602',5,'B2410031',4),(1431,'C',7.2,_binary '\0',5,'HP5683',2,'B2410031',3),(1432,'C',6.8,_binary '',4,'HP7746',3,'B2410031',4),(1433,'C',6.7,_binary '',4,'HP3555',5,'B2410031',4),(1434,'C',7.3,_binary '',2,'HP9806',4,'B2410031',4),(1435,'C',6.6,_binary '\0',4,'HP6920',2,'B2410031',4),(1436,'C',6.8,_binary '',4,'HP6103',1,'B2410031',1),(1437,'C+',6.6,_binary '\0',3,'HP6654',1,'B2410031',3),(1438,'C',6.8,_binary '',2,'HP5262',4,'B2410031',4),(1439,'C+',7.3,_binary '',3,'HP7912',4,'B2410031',3),(1440,'C',7.2,_binary '',1,'HP6562',2,'B2410031',2),(1441,'C+',7.3,_binary '',4,'HP3351',1,'B2410031',2),(1442,'C',6.7,_binary '',3,'HP2995',2,'B2410031',1),(1443,'C',7.3,_binary '\0',5,'HP9043',5,'B2410031',2),(1444,'C+',7.3,_binary '\0',4,'HP5619',5,'B2410031',2),(1445,'C',6.7,_binary '\0',2,'HP6501',3,'B2410031',3),(1446,'C',6.5,_binary '\0',4,'HP7036',4,'B2410031',1),(1447,'C+',7.1,_binary '\0',1,'HP1376',1,'B2410031',1),(1448,'C+',6.7,_binary '',5,'HP4547',3,'B2410031',3),(1449,'C',7.1,_binary '\0',3,'HP8415',3,'B2410031',3),(1450,'C',6.6,_binary '\0',4,'HP3578',1,'B2410031',1),(1451,'C+',6.8,_binary '\0',1,'HP1362',5,'B2410031',1),(1452,'C+',6.6,_binary '',5,'HP8080',4,'B2410031',2),(1453,'C+',6.6,_binary '\0',5,'HP5548',4,'B2410031',4),(1454,'C',6.7,_binary '\0',2,'HP1019',4,'B2410031',3),(1455,'C+',6.9,_binary '',2,'HP4803',5,'B2410031',1),(1456,'C',7.3,_binary '\0',5,'HP1698',1,'B2410031',4),(1457,'C',7.3,_binary '\0',1,'HP8401',3,'B2410031',2),(1458,'C+',6.8,_binary '\0',3,'HP8807',2,'B2410031',2),(1459,'C+',7.1,_binary '',2,'HP9738',5,'B2410031',4),(1460,'C+',6.8,_binary '',4,'HP5014',4,'B2410031',2),(1461,'C+',7.4,_binary '',4,'HP9589',5,'B2410031',4),(1462,'C',6.6,_binary '',5,'HP7239',1,'B2410031',3),(1463,'C',7.4,_binary '',5,'HP8238',5,'B2410031',4),(1464,'B',8.2,_binary '',5,'CT178',3,'B2410032',2),(1465,'B',7.6,_binary '\0',3,'CT225',1,'B2410032',2),(1466,'B',7.8,_binary '',3,'TN001',1,'B2410032',3),(1467,'B+',8,_binary '',4,'QP010',3,'B2410032',2),(1468,'B+',7.9,_binary '',2,'CT550',4,'B2410032',1),(1469,'B+',7.9,_binary '\0',4,'CT172',5,'B2410032',1),(1470,'B+',8.3,_binary '',2,'CT222',2,'B2410032',1),(1471,'B+',7.9,_binary '\0',2,'CT271',5,'B2410032',1),(1472,'B',8.2,_binary '',5,'CT211',1,'B2410032',2),(1473,'B+',8.3,_binary '',1,'ML014',2,'B2410032',2),(1474,'B+',7.8,_binary '',2,'QP013',3,'B2410032',3),(1475,'B',8.1,_binary '\0',5,'ML007',5,'B2410032',1),(1476,'B+',8,_binary '\0',3,'CT467',3,'B2410032',4),(1477,'B',7.5,_binary '',3,'CT175',1,'B2410032',1),(1478,'B',8.3,_binary '',5,'CT226',3,'B2410032',4),(1479,'B',8.3,_binary '',2,'CT212',4,'B2410032',3),(1480,'B',8.3,_binary '\0',4,'CT180',1,'B2410032',2),(1481,'B+',7.9,_binary '',1,'CT279',3,'B2410032',4),(1482,'B',7.9,_binary '\0',1,'CT296',2,'B2410032',3),(1483,'B+',7.8,_binary '',5,'XH028',2,'B2410032',2),(1484,'B+',7.9,_binary '',5,'KL001',5,'B2410032',1),(1485,'B',7.6,_binary '\0',3,'CT466',3,'B2410032',4),(1486,'B+',8.3,_binary '',5,'TN002',3,'B2410032',4),(1487,'B+',8.3,_binary '',1,'TC005',2,'B2410032',3),(1488,'B+',8.1,_binary '',1,'TC030',3,'B2410032',2),(1489,'B+',7.6,_binary '',2,'CT177',2,'B2410032',3),(1490,'B+',7.9,_binary '',5,'KN002',4,'B2410032',3),(1491,'B+',8.1,_binary '\0',1,'CT112',4,'B2410032',2),(1492,'B+',8.2,_binary '\0',5,'TC006',1,'B2410032',3),(1493,'B+',8.1,_binary '',4,'XH012',3,'B2410032',4),(1494,'B',7.6,_binary '\0',2,'CT275',5,'B2410032',3),(1495,'B',7.8,_binary '\0',2,'CT300',2,'B2410032',2),(1496,'B+',8.1,_binary '',5,'CT476',4,'B2410032',4),(1497,'B+',7.8,_binary '',1,'TN012',5,'B2410032',1),(1498,'B+',8.3,_binary '\0',4,'XH011',3,'B2410032',3),(1499,'B+',8,_binary '\0',4,'ML018',4,'B2410032',4),(1500,'B',8,_binary '',4,'CT179',3,'B2410032',2),(1501,'B+',7.7,_binary '',4,'CT293',4,'B2410032',1),(1502,'B',8.1,_binary '\0',1,'XH025',2,'B2410032',3),(1503,'B',8.3,_binary '\0',3,'QP012',2,'B2410032',2),(1504,'B',7.8,_binary '',4,'CT188',2,'B2410032',2),(1505,'B',8.1,_binary '',1,'CT182',1,'B2410032',4),(1506,'B+',7.8,_binary '',4,'ML019',2,'B2410032',3),(1507,'B',7.5,_binary '\0',1,'CT522',3,'B2410032',1),(1508,'B',7.7,_binary '\0',4,'QP011',5,'B2410032',1),(1509,'B',8.2,_binary '\0',5,'XH023',1,'B2410032',1),(1510,'B',8.2,_binary '',2,'TC029',1,'B2410032',3),(1511,'B+',7.8,_binary '\0',2,'KN001',5,'B2410032',2),(1512,'B+',8.4,_binary '',3,'TC020',5,'B2410032',4),(1513,'B+',8.2,_binary '',1,'CT100',2,'B2410032',1),(1514,'B',7.7,_binary '',3,'CT232',5,'B2410032',4),(1515,'B',7.7,_binary '\0',5,'CT173',5,'B2410032',1),(1516,'B+',8.3,_binary '',2,'CT127',4,'B2410032',2),(1517,'B+',7.5,_binary '\0',2,'CT101',2,'B2410032',2),(1518,'B+',8.2,_binary '\0',3,'CT221',4,'B2410032',2),(1519,'B',7.6,_binary '\0',2,'CT224',3,'B2410032',4),(1520,'B',8.1,_binary '\0',5,'XH014',5,'B2410032',4),(1521,'B+',8.3,_binary '\0',1,'ML021',4,'B2410032',1),(1522,'B',7.6,_binary '',2,'CT335',1,'B2410032',3),(1523,'B+',7.6,_binary '',2,'CT471',2,'B2410032',4),(1524,'B+',8.1,_binary '\0',1,'ML016',3,'B2410032',4),(1525,'B',7.8,_binary '\0',2,'CT177',1,'B2410033',3),(1526,'B',7.7,_binary '\0',1,'CT112',4,'B2410033',2),(1527,'B+',7.7,_binary '',5,'CT226',2,'B2410033',4),(1528,'B',7.8,_binary '\0',2,'TC029',5,'B2410033',3),(1529,'B',7.5,_binary '\0',1,'CT182',5,'B2410033',4),(1530,'B',7.7,_binary '',4,'ML018',4,'B2410033',4),(1531,'B+',8.3,_binary '\0',5,'XH028',5,'B2410033',2),(1532,'B',8.2,_binary '',2,'XH024',4,'B2410033',3),(1533,'B',8.2,_binary '',4,'CT188',3,'B2410033',2),(1534,'B+',7.5,_binary '\0',2,'QP013',3,'B2410033',3),(1535,'B',7.6,_binary '\0',4,'CT293',4,'B2410033',1),(1536,'B+',8.3,_binary '',4,'XH012',1,'B2410033',4),(1537,'B',7.9,_binary '',3,'CT175',3,'B2410033',1),(1538,'B',8,_binary '',4,'CT172',2,'B2410033',1),(1539,'B+',8.4,_binary '',2,'CT127',4,'B2410033',2),(1540,'B+',8.1,_binary '',3,'CT221',3,'B2410033',2),(1541,'B',8.1,_binary '',4,'CT439',1,'B2410033',1),(1542,'B+',7.6,_binary '\0',3,'CT232',2,'B2410033',4),(1543,'B',7.8,_binary '',5,'CT476',1,'B2410033',4),(1544,'B+',8.2,_binary '',5,'XH014',2,'B2410033',4),(1545,'B',7.6,_binary '\0',2,'CT212',4,'B2410033',3),(1546,'B',7.8,_binary '',1,'TC005',5,'B2410033',3),(1547,'B+',7.6,_binary '',2,'CT271',4,'B2410033',1),(1548,'B',7.6,_binary '\0',5,'CT173',2,'B2410033',1),(1549,'B',7.8,_binary '\0',1,'XH025',4,'B2410033',3),(1550,'B+',7.6,_binary '',2,'CT222',4,'B2410033',1),(1551,'B+',8.2,_binary '',5,'XH023',5,'B2410033',1),(1552,'B+',7.6,_binary '\0',2,'CT335',4,'B2410033',3),(1553,'B+',8,_binary '',4,'ML019',2,'B2410033',3),(1554,'B+',8,_binary '',3,'TC020',2,'B2410033',4),(1555,'B+',8,_binary '',4,'HP5919',3,'B2410033',2),(1556,'B+',8.1,_binary '\0',1,'HP6297',5,'B2410033',3),(1557,'B',8.1,_binary '\0',1,'HP9155',3,'B2410033',3),(1558,'B',7.7,_binary '\0',3,'HP3974',5,'B2410033',2),(1559,'B',7.9,_binary '',5,'HP9865',2,'B2410033',2),(1560,'B+',7.5,_binary '',2,'HP2724',2,'B2410033',4),(1561,'B',8.3,_binary '',2,'HP8239',1,'B2410033',2),(1562,'B+',7.6,_binary '\0',3,'HP7358',1,'B2410033',2),(1563,'B+',8.3,_binary '',3,'HP2786',1,'B2410033',1),(1564,'B+',7.5,_binary '',2,'HP4387',4,'B2410033',3),(1565,'B',7.9,_binary '\0',5,'HP2059',2,'B2410033',3),(1566,'B+',7.7,_binary '\0',4,'HP6985',2,'B2410033',4),(1567,'B',7.9,_binary '\0',5,'HP6544',4,'B2410033',3),(1568,'B+',8.2,_binary '',5,'HP2007',2,'B2410033',1),(1569,'B',8.3,_binary '',5,'HP5590',1,'B2410033',2),(1570,'B+',8.4,_binary '\0',1,'HP5718',5,'B2410033',3),(1571,'B',8.2,_binary '\0',3,'HP2313',5,'B2410033',3),(1572,'B+',7.8,_binary '',3,'HP2128',2,'B2410033',3),(1573,'B',7.7,_binary '',5,'HP6785',2,'B2410033',4),(1574,'B',7.7,_binary '\0',4,'HP1724',4,'B2410033',2),(1575,'B',8.2,_binary '\0',3,'HP2776',1,'B2410033',3),(1576,'B',8.2,_binary '',5,'HP6349',1,'B2410033',3),(1577,'B+',8,_binary '',2,'HP9060',3,'B2410033',1),(1578,'B',7.7,_binary '',3,'HP4079',4,'B2410033',3),(1579,'B',8,_binary '',2,'HP2440',1,'B2410033',4),(1580,'B+',8.1,_binary '',3,'HP2499',4,'B2410033',1),(1581,'B',8,_binary '\0',4,'HP6100',5,'B2410033',4),(1582,'B',8.3,_binary '',2,'HP2915',4,'B2410033',3),(1583,'B',8.1,_binary '',1,'ML016',3,'B2410034',4),(1584,'B+',8.2,_binary '\0',1,'CT200',5,'B2410034',2),(1585,'B',8.4,_binary '',4,'CT293',4,'B2410034',1),(1586,'B',8,_binary '\0',4,'CT428',3,'B2410034',2),(1587,'B',7.8,_binary '\0',5,'KL001',3,'B2410034',1),(1588,'B+',8.2,_binary '\0',1,'TC028',4,'B2410034',2),(1589,'B',8.2,_binary '\0',3,'CT175',3,'B2410034',1),(1590,'B+',8.3,_binary '\0',4,'XH011',5,'B2410034',3),(1591,'B+',7.6,_binary '',4,'CT188',5,'B2410034',2),(1592,'B+',8.3,_binary '\0',2,'CT212',4,'B2410034',3),(1593,'B',7.9,_binary '',1,'CT112',1,'B2410034',2),(1594,'B+',8.3,_binary '',2,'CT177',3,'B2410034',3),(1595,'B+',8,_binary '',2,'KN001',3,'B2410034',2),(1596,'B',8.1,_binary '',1,'ML021',4,'B2410034',1),(1597,'B',8,_binary '',1,'CT100',1,'B2410034',1),(1598,'B+',8.3,_binary '',3,'CT466',5,'B2410034',4),(1599,'B',8,_binary '\0',3,'TC020',3,'B2410034',4),(1600,'B',8.2,_binary '\0',2,'TC029',5,'B2410034',3),(1601,'B+',8,_binary '\0',5,'ML007',2,'B2410034',1),(1602,'B',8.2,_binary '',4,'CT179',3,'B2410034',2),(1603,'B+',8,_binary '',3,'CT225',3,'B2410034',2),(1604,'B+',8.1,_binary '',1,'CT522',5,'B2410034',1),(1605,'B',7.7,_binary '',4,'QP010',4,'B2410034',2),(1606,'B',8.1,_binary '\0',1,'CT279',4,'B2410034',4),(1607,'B+',7.7,_binary '',1,'XH025',3,'B2410034',3),(1608,'B+',8.1,_binary '',4,'QP011',4,'B2410034',1),(1609,'B',7.7,_binary '',1,'CT182',4,'B2410034',4),(1610,'B+',7.5,_binary '\0',3,'TN010',2,'B2410034',1),(1611,'B',7.8,_binary '',3,'CT467',1,'B2410034',4),(1612,'B',8.2,_binary '',2,'CT101',2,'B2410034',2),(1613,'B+',8.3,_binary '\0',4,'XH012',2,'B2410034',4),(1614,'B+',7.7,_binary '\0',5,'CT178',4,'B2410034',2),(1615,'B+',8,_binary '',5,'KN002',1,'B2410034',3),(1616,'B+',7.7,_binary '',1,'CT273',4,'B2410034',2),(1617,'B+',7.6,_binary '',1,'TC005',1,'B2410034',3),(1618,'B+',7.8,_binary '\0',3,'CT232',5,'B2410034',4),(1619,'B+',8.3,_binary '\0',4,'CT174',1,'B2410034',2),(1620,'B',7.9,_binary '\0',4,'ML018',1,'B2410034',4),(1621,'B',8.4,_binary '',2,'QP013',3,'B2410034',3),(1622,'B',7.7,_binary '',5,'TC006',2,'B2410034',3),(1623,'B',7.6,_binary '\0',5,'XH014',5,'B2410034',4),(1624,'B+',7.8,_binary '\0',2,'CT127',5,'B2410034',2),(1625,'B+',7.6,_binary '',4,'CT172',1,'B2410034',1),(1626,'B',8.1,_binary '',5,'CT226',2,'B2410034',4),(1627,'B',7.7,_binary '',5,'TN002',2,'B2410034',4),(1628,'B+',7.6,_binary '\0',5,'XH023',1,'B2410034',1),(1629,'B',8.4,_binary '',5,'CT173',2,'B2410034',1),(1630,'B',7.5,_binary '',1,'ML014',2,'B2410034',2),(1631,'B+',8,_binary '',2,'XH024',1,'B2410034',3),(1632,'B',8.4,_binary '\0',2,'CT271',4,'B2410034',1),(1633,'B+',7.5,_binary '\0',4,'CT180',2,'B2410034',2),(1634,'B+',8.2,_binary '',2,'CT222',2,'B2410034',1),(1635,'B+',8,_binary '',1,'TC030',5,'B2410034',2),(1636,'B',7.6,_binary '',5,'XH028',3,'B2410034',2),(1637,'B+',7.8,_binary '',4,'CT439',1,'B2410034',1),(1638,'B+',7.6,_binary '',3,'QP012',1,'B2410034',2),(1639,'B',7.8,_binary '\0',4,'CT190',2,'B2410034',4),(1640,'B',7.5,_binary '\0',5,'CT476',3,'B2410034',4),(1641,'B+',7.6,_binary '\0',5,'CT211',3,'B2410034',2),(1642,'B',7.9,_binary '\0',2,'CT471',5,'B2410034',4),(1643,'B',7.6,_binary '\0',2,'HP5446',3,'B2410034',4),(1644,'B+',7.7,_binary '',1,'HP8493',1,'B2410034',3),(1645,'B',7.6,_binary '',2,'XH024',1,'B2410035',3),(1646,'B',8.1,_binary '\0',4,'XH011',1,'B2410035',3),(1647,'B+',7.9,_binary '\0',2,'CT101',5,'B2410035',2),(1648,'B',8.4,_binary '\0',3,'CT225',2,'B2410035',2),(1649,'B+',7.9,_binary '',1,'ML014',2,'B2410035',2),(1650,'B+',7.6,_binary '',4,'CT180',4,'B2410035',2),(1651,'B',8.1,_binary '\0',4,'CT555',5,'B2410035',1),(1652,'B+',7.7,_binary '',5,'XH014',4,'B2410035',4),(1653,'B',7.6,_binary '\0',2,'CT471',4,'B2410035',4),(1654,'B+',8.3,_binary '',1,'CT100',5,'B2410035',1),(1655,'B',7.6,_binary '\0',1,'TN012',1,'B2410035',1),(1656,'B',8.3,_binary '',4,'XH012',5,'B2410035',4),(1657,'B',7.5,_binary '',4,'CT174',5,'B2410035',2),(1658,'B',8.2,_binary '\0',2,'CT127',4,'B2410035',2),(1659,'B',7.9,_binary '',3,'CT466',2,'B2410035',4),(1660,'B',8.1,_binary '',5,'XH023',4,'B2410035',1),(1661,'B+',7.9,_binary '',5,'CT173',5,'B2410035',1),(1662,'B+',8.1,_binary '',1,'TC005',1,'B2410035',3),(1663,'B',7.7,_binary '\0',1,'TC028',3,'B2410035',2),(1664,'B',7.9,_binary '',2,'CT224',4,'B2410035',4),(1665,'B+',7.8,_binary '\0',3,'CT232',5,'B2410035',4),(1666,'B+',7.5,_binary '\0',1,'ML021',5,'B2410035',1),(1667,'B',7.9,_binary '\0',1,'CT522',4,'B2410035',1),(1668,'B',8.2,_binary '',2,'CT300',2,'B2410035',2),(1669,'B',8.2,_binary '\0',4,'QP011',1,'B2410035',1),(1670,'B+',8.4,_binary '\0',3,'CT467',2,'B2410035',4),(1671,'B+',7.7,_binary '\0',1,'XH025',1,'B2410035',3),(1672,'B',8,_binary '',1,'CT182',5,'B2410035',4),(1673,'B',8.3,_binary '',1,'CT296',5,'B2410035',3),(1674,'B+',7.7,_binary '',1,'CT273',2,'B2410035',2),(1675,'B+',7.8,_binary '',4,'ML019',5,'B2410035',3),(1676,'B',8.2,_binary '\0',4,'ML018',5,'B2410035',4),(1677,'B',8,_binary '',2,'KN001',5,'B2410035',2),(1678,'B',7.5,_binary '',3,'TC020',2,'B2410035',4),(1679,'B',8.3,_binary '\0',2,'CT177',2,'B2410035',3),(1680,'B',7.7,_binary '',3,'CT175',1,'B2410035',1),(1681,'B+',7.6,_binary '\0',5,'KL001',2,'B2410035',1),(1682,'B',8.4,_binary '\0',5,'ML007',1,'B2410035',1),(1683,'B+',7.6,_binary '\0',2,'CT275',3,'B2410035',3),(1684,'B+',7.6,_binary '',1,'CT200',3,'B2410035',2),(1685,'B+',8.3,_binary '',5,'CT178',5,'B2410035',2),(1686,'B',8.2,_binary '',4,'QP010',2,'B2410035',2),(1687,'B',7.9,_binary '',2,'CT212',5,'B2410035',3),(1688,'B',7.8,_binary '',2,'TC029',5,'B2410035',3),(1689,'B',8.2,_binary '',1,'CT294',5,'B2410035',2),(1690,'B',7.7,_binary '',3,'QP012',1,'B2410035',2),(1691,'B+',7.8,_binary '',4,'CT179',2,'B2410035',2),(1692,'B+',8.1,_binary '\0',1,'TC030',4,'B2410035',2),(1693,'B+',7.7,_binary '',3,'CT221',1,'B2410035',2),(1694,'B+',7.7,_binary '',3,'TN001',1,'B2410035',3),(1695,'B+',7.9,_binary '',4,'CT188',5,'B2410035',2),(1696,'B',8.3,_binary '',4,'CT190',1,'B2410035',4),(1697,'B',7.9,_binary '\0',2,'QP013',1,'B2410035',3),(1698,'B',7.6,_binary '',3,'TN010',1,'B2410035',1),(1699,'B+',8,_binary '',2,'CT222',5,'B2410035',1),(1700,'B+',8.4,_binary '\0',1,'CT112',2,'B2410035',2),(1701,'B+',7.9,_binary '\0',4,'CT439',1,'B2410035',1),(1702,'B',7.6,_binary '',2,'CT176',4,'B2410035',2),(1703,'B+',7.8,_binary '\0',2,'CT271',5,'B2410035',1),(1704,'B',8.4,_binary '\0',4,'CT428',4,'B2410035',2),(1705,'B',8.3,_binary '\0',2,'HP5416',3,'B2410035',4),(1706,'B+',7.6,_binary '',2,'HP8029',1,'B2410035',3),(1707,'B+',7.6,_binary '\0',3,'HP8191',2,'B2410035',4),(1708,'B',8.3,_binary '',1,'HP3866',3,'B2410035',2),(1709,'D+',5.7,_binary '',3,'CT225',1,'B2410036',2),(1710,'D',5.1,_binary '\0',1,'ML016',2,'B2410036',4),(1711,'D',5.4,_binary '\0',1,'XH025',2,'B2410036',3),(1712,'D+',4.1,_binary '',4,'CT188',5,'B2410036',2),(1713,'D+',5.7,_binary '',1,'TC028',2,'B2410036',2),(1714,'D',6,_binary '',5,'CT226',1,'B2410036',4),(1715,'D',5.9,_binary '',3,'TN001',3,'B2410036',3),(1716,'D',6.2,_binary '\0',1,'CT294',2,'B2410036',2),(1717,'D',5.4,_binary '\0',1,'CT279',1,'B2410036',4),(1718,'D+',4.6,_binary '\0',4,'CT439',2,'B2410036',1),(1719,'D+',4.4,_binary '\0',4,'CT190',5,'B2410036',4),(1720,'D',4.6,_binary '',2,'CT271',2,'B2410036',1),(1721,'D',4.9,_binary '\0',3,'CT466',4,'B2410036',4),(1722,'D',5,_binary '',5,'KN002',5,'B2410036',3),(1723,'D+',4.7,_binary '\0',2,'XH024',1,'B2410036',3),(1724,'D+',5.5,_binary '',5,'XH023',3,'B2410036',1),(1725,'D+',6.2,_binary '',3,'CT175',4,'B2410036',1),(1726,'D+',4.6,_binary '\0',4,'QP011',1,'B2410036',1),(1727,'D',5.3,_binary '',2,'CT300',4,'B2410036',2),(1728,'D+',5.3,_binary '\0',3,'CT232',5,'B2410036',4),(1729,'D+',5.2,_binary '',2,'CT101',4,'B2410036',2),(1730,'D+',5.6,_binary '',1,'CT112',4,'B2410036',2),(1731,'D+',5.1,_binary '',4,'CT293',1,'B2410036',1),(1732,'D',6.3,_binary '',2,'CT127',4,'B2410036',2),(1733,'D',4.5,_binary '\0',5,'XH014',3,'B2410036',4),(1734,'D+',5,_binary '\0',1,'CT200',5,'B2410036',2),(1735,'D',5.2,_binary '\0',1,'ML014',5,'B2410036',2),(1736,'D',5.6,_binary '',4,'CT179',1,'B2410036',2),(1737,'D+',6,_binary '\0',4,'QP010',2,'B2410036',2),(1738,'D+',4.3,_binary '\0',5,'CT173',3,'B2410036',1),(1739,'D+',5.9,_binary '',4,'CT428',2,'B2410036',2),(1740,'D',5.7,_binary '\0',3,'CT467',2,'B2410036',4),(1741,'D+',5.7,_binary '',3,'CT221',4,'B2410036',2),(1742,'D+',5,_binary '\0',2,'CT471',1,'B2410036',4),(1743,'D',4.2,_binary '\0',1,'CT100',1,'B2410036',1),(1744,'D',5.8,_binary '',1,'TC030',4,'B2410036',2),(1745,'D+',5.5,_binary '',2,'CT550',5,'B2410036',1),(1746,'D',4.7,_binary '\0',2,'CT275',1,'B2410036',3),(1747,'D',6.3,_binary '',4,'XH012',4,'B2410036',4),(1748,'D',5.9,_binary '',3,'TN010',5,'B2410036',1),(1749,'D',5.9,_binary '',4,'CT180',5,'B2410036',2),(1750,'D',5.8,_binary '\0',1,'TC005',3,'B2410036',3),(1751,'D+',4.1,_binary '\0',1,'CT273',3,'B2410036',2),(1752,'D',4.1,_binary '',5,'XH028',4,'B2410036',2),(1753,'D+',4.2,_binary '\0',5,'KL001',5,'B2410036',1),(1754,'D',4.9,_binary '\0',1,'TN012',2,'B2410036',1),(1755,'D',4.3,_binary '\0',1,'HP9042',1,'B2410036',2),(1756,'D',4.4,_binary '',5,'HP5785',4,'B2410036',1),(1757,'D',4.2,_binary '\0',2,'HP4238',5,'B2410036',4),(1758,'D',5.5,_binary '\0',2,'HP3085',3,'B2410036',2),(1759,'D',4.3,_binary '',3,'HP9899',1,'B2410036',1),(1760,'D',4.9,_binary '',4,'HP6770',3,'B2410036',4),(1761,'D',5,_binary '',5,'HP6804',3,'B2410036',3),(1762,'D',5.2,_binary '',1,'HP3265',4,'B2410036',4),(1763,'D+',5.5,_binary '\0',5,'HP2335',1,'B2410036',4),(1764,'D',6,_binary '',2,'HP5121',5,'B2410036',4),(1765,'D+',4.6,_binary '',5,'HP6451',1,'B2410036',4),(1766,'D',5.8,_binary '',1,'HP1493',5,'B2410036',4),(1767,'D+',4.2,_binary '',2,'HP8521',5,'B2410036',1),(1768,'D',5.7,_binary '\0',1,'HP3750',3,'B2410036',2),(1769,'D',4,_binary '\0',4,'HP4085',3,'B2410036',1),(1770,'D',6.1,_binary '\0',1,'HP7031',1,'B2410036',4),(1771,'C+',7,_binary '',5,'ML007',2,'B2410037',1),(1772,'C',7,_binary '',4,'XH012',4,'B2410037',4),(1773,'C+',7.3,_binary '\0',2,'CT222',4,'B2410037',1),(1774,'C+',7.1,_binary '',1,'CT522',1,'B2410037',1),(1775,'C',6.8,_binary '\0',5,'TC006',4,'B2410037',3),(1776,'C',6.8,_binary '',3,'CT232',1,'B2410037',4),(1777,'C',7,_binary '',1,'CT294',4,'B2410037',2),(1778,'C+',6.7,_binary '\0',2,'CT271',4,'B2410037',1),(1779,'C+',7.2,_binary '\0',3,'CT221',1,'B2410037',2),(1780,'C',6.5,_binary '',1,'ML014',3,'B2410037',2),(1781,'C',6.8,_binary '\0',5,'XH014',4,'B2410037',4),(1782,'C',6.7,_binary '\0',1,'TC005',5,'B2410037',3),(1783,'C',6.7,_binary '',4,'CT188',2,'B2410037',2),(1784,'C',7.2,_binary '\0',3,'HP1672',5,'B2410037',3),(1785,'C+',6.9,_binary '\0',4,'HP7441',3,'B2410037',1),(1786,'C+',7.2,_binary '\0',4,'HP6561',4,'B2410037',1),(1787,'C',6.9,_binary '',1,'HP8650',2,'B2410037',1),(1788,'C+',6.7,_binary '\0',3,'HP6580',5,'B2410037',1),(1789,'C+',7.1,_binary '',5,'HP6533',1,'B2410037',3),(1790,'C',7.2,_binary '\0',4,'HP3274',2,'B2410037',3),(1791,'C',6.9,_binary '\0',2,'HP6377',1,'B2410037',4),(1792,'C+',6.6,_binary '',2,'HP6823',2,'B2410037',1),(1793,'C+',7.4,_binary '\0',4,'HP5352',3,'B2410037',1),(1794,'C+',7.3,_binary '',1,'HP5903',4,'B2410037',4),(1795,'C+',6.8,_binary '',3,'HP9695',1,'B2410037',3),(1796,'C',7.2,_binary '\0',4,'HP3112',2,'B2410037',4),(1797,'C+',7.2,_binary '\0',5,'HP4093',5,'B2410037',3),(1798,'C+',7,_binary '\0',3,'HP6858',2,'B2410037',1),(1799,'C',7.3,_binary '',5,'HP3720',5,'B2410037',4),(1800,'C',6.5,_binary '\0',3,'HP9318',3,'B2410037',4),(1801,'C+',6.6,_binary '',1,'HP9027',5,'B2410037',3),(1802,'C+',6.7,_binary '\0',1,'HP4386',1,'B2410037',4),(1803,'C+',7.2,_binary '',5,'HP2426',2,'B2410037',3),(1804,'C',7.1,_binary '',4,'HP7794',1,'B2410037',1),(1805,'C',7.2,_binary '\0',2,'HP4423',5,'B2410037',4),(1806,'C+',7.2,_binary '\0',5,'HP9974',2,'B2410037',3),(1807,'C',7.3,_binary '\0',1,'HP8392',3,'B2410037',1),(1808,'C',7,_binary '',2,'HP3215',3,'B2410037',4),(1809,'C+',6.5,_binary '',2,'HP6733',1,'B2410037',1),(1810,'C',7.2,_binary '\0',1,'HP7792',5,'B2410037',4),(1811,'C+',6.7,_binary '\0',4,'HP4327',4,'B2410037',4),(1812,'C+',7.2,_binary '\0',3,'HP7630',4,'B2410037',3),(1813,'C+',7.4,_binary '',2,'HP2977',2,'B2410037',2),(1814,'C+',7.2,_binary '\0',3,'HP4331',5,'B2410037',1),(1815,'C',7.2,_binary '',2,'HP1549',1,'B2410037',2),(1816,'C',6.9,_binary '\0',3,'HP3634',2,'B2410037',3),(1817,'C+',7.2,_binary '',1,'HP1340',1,'B2410037',2),(1818,'C',7.2,_binary '\0',3,'HP8585',3,'B2410037',1),(1819,'C+',6.9,_binary '\0',3,'HP9883',1,'B2410037',4),(1820,'C+',6.9,_binary '\0',3,'HP3810',5,'B2410037',3),(1821,'C+',6.7,_binary '\0',1,'HP4435',4,'B2410037',4),(1822,'C',6.6,_binary '',1,'HP2956',3,'B2410037',4),(1823,'C+',7,_binary '\0',2,'HP2158',3,'B2410037',3),(1824,'C+',6.7,_binary '',2,'HP6161',4,'B2410037',1),(1825,'C+',6.6,_binary '',1,'HP3195',4,'B2410037',4),(1826,'C',6.8,_binary '\0',1,'HP1416',4,'B2410037',1),(1827,'C',6.7,_binary '\0',4,'HP4929',1,'B2410037',4),(1828,'C',7.1,_binary '',3,'HP6171',2,'B2410037',4),(1829,'C',7,_binary '\0',4,'HP3376',3,'B2410037',3),(1830,'C+',7.3,_binary '\0',3,'CT225',2,'B2410038',2),(1831,'C+',6.8,_binary '',1,'CT112',5,'B2410038',2),(1832,'C+',7.3,_binary '',1,'CT182',5,'B2410038',4),(1833,'C',7.2,_binary '\0',4,'CT188',3,'B2410038',2),(1834,'C',6.9,_binary '\0',4,'CT190',3,'B2410038',4),(1835,'C+',7,_binary '',2,'CT300',1,'B2410038',2),(1836,'C+',6.8,_binary '',5,'CT211',4,'B2410038',2),(1837,'C',7.1,_binary '\0',1,'XH025',3,'B2410038',3),(1838,'C+',7,_binary '\0',3,'TC020',1,'B2410038',4),(1839,'C+',6.9,_binary '\0',2,'CT222',1,'B2410038',1),(1840,'C+',7.1,_binary '\0',4,'ML019',3,'B2410038',3),(1841,'C+',7,_binary '\0',2,'CT271',4,'B2410038',1),(1842,'C',7.2,_binary '',1,'ML021',4,'B2410038',1),(1843,'C+',7.2,_binary '\0',3,'TN010',1,'B2410038',1),(1844,'C+',6.7,_binary '\0',4,'QP011',5,'B2410038',1),(1845,'C+',6.7,_binary '',5,'CT226',1,'B2410038',4),(1846,'C',6.8,_binary '\0',3,'TN001',3,'B2410038',3),(1847,'C+',6.8,_binary '\0',5,'CT173',5,'B2410038',1),(1848,'C+',7.2,_binary '\0',5,'TC006',1,'B2410038',3),(1849,'C',7.4,_binary '',4,'CT180',1,'B2410038',2),(1850,'C+',6.7,_binary '',2,'CT127',2,'B2410038',2),(1851,'C+',6.9,_binary '',4,'XH012',2,'B2410038',4),(1852,'C',6.9,_binary '\0',4,'XH011',3,'B2410038',3),(1853,'C',7.2,_binary '\0',4,'CT172',4,'B2410038',1),(1854,'C',7.3,_binary '',4,'CT428',5,'B2410038',2),(1855,'C+',6.8,_binary '',2,'CT335',2,'B2410038',3),(1856,'C+',7,_binary '\0',5,'XH014',4,'B2410038',4),(1857,'C',6.7,_binary '',3,'CT221',3,'B2410038',2),(1858,'C+',7.4,_binary '',1,'TC028',3,'B2410038',2),(1859,'C+',6.6,_binary '',1,'CT200',5,'B2410038',2),(1860,'C',6.6,_binary '',4,'CT439',2,'B2410038',1),(1861,'C',7.1,_binary '',2,'CT471',5,'B2410038',4),(1862,'C',6.7,_binary '\0',2,'TC029',5,'B2410038',3),(1863,'C+',6.7,_binary '\0',4,'CT555',2,'B2410038',1),(1864,'C',7.3,_binary '',5,'TN002',3,'B2410038',4),(1865,'C',7.3,_binary '',4,'ML018',1,'B2410038',4),(1866,'C+',6.8,_binary '\0',3,'CT175',2,'B2410038',1),(1867,'C+',6.8,_binary '\0',2,'CT275',4,'B2410038',3),(1868,'C',7.2,_binary '\0',2,'XH024',1,'B2410038',3),(1869,'C',6.9,_binary '',5,'KL001',1,'B2410038',1),(1870,'C',7,_binary '',4,'QP010',5,'B2410038',2),(1871,'C',7,_binary '\0',1,'TC005',2,'B2410038',3),(1872,'C+',6.6,_binary '',1,'CT100',3,'B2410038',1),(1873,'C+',7.2,_binary '',2,'CT224',5,'B2410038',4),(1874,'C',6.9,_binary '\0',1,'CT522',2,'B2410038',1),(1875,'C',7,_binary '',3,'CT232',5,'B2410038',4),(1876,'C',7,_binary '',3,'QP012',4,'B2410038',2),(1877,'C+',6.8,_binary '',5,'XH028',5,'B2410038',2),(1878,'C+',6.7,_binary '',1,'ML016',3,'B2410038',4),(1879,'C+',6.6,_binary '',5,'KN002',2,'B2410038',3),(1880,'C+',7.1,_binary '',3,'CT466',1,'B2410038',4),(1881,'C+',7.1,_binary '\0',1,'CT296',5,'B2410038',3),(1882,'C+',7.2,_binary '',5,'XH023',2,'B2410038',1),(1883,'C+',7.2,_binary '\0',1,'TN012',1,'B2410038',1),(1884,'C',6.8,_binary '\0',1,'CT294',4,'B2410038',2),(1885,'C',6.7,_binary '\0',2,'CT101',5,'B2410038',2),(1886,'C',6.7,_binary '',2,'CT177',1,'B2410038',3),(1887,'C+',7,_binary '\0',2,'CT550',4,'B2410038',1),(1888,'C+',7.3,_binary '\0',1,'HP4214',4,'B2410038',1),(1889,'C+',7.4,_binary '\0',5,'HP7795',5,'B2410038',3),(1890,'C+',7.4,_binary '',5,'HP7612',2,'B2410038',2),(1891,'C',7.2,_binary '\0',4,'HP4896',2,'B2410038',3),(1892,'C+',7.1,_binary '',4,'HP3320',1,'B2410038',3),(1893,'A+',8.8,_binary '\0',5,'CT211',4,'B2410039',2),(1894,'A+',9.4,_binary '',4,'CT188',4,'B2410039',2),(1895,'A',8.9,_binary '',4,'XH011',5,'B2410039',3),(1896,'A+',9.5,_binary '',1,'TC005',4,'B2410039',3),(1897,'A+',8.9,_binary '\0',3,'QP012',2,'B2410039',2),(1898,'A+',9.1,_binary '',2,'CT222',4,'B2410039',1),(1899,'A+',9.4,_binary '\0',2,'CT275',4,'B2410039',3),(1900,'A',9,_binary '',3,'CT221',4,'B2410039',2),(1901,'A',9.2,_binary '',4,'ML018',3,'B2410039',4),(1902,'A+',8.8,_binary '\0',4,'CT179',3,'B2410039',2),(1903,'A+',9.3,_binary '\0',2,'KN001',2,'B2410039',2),(1904,'A',8.5,_binary '\0',4,'CT190',3,'B2410039',4),(1905,'A',9.5,_binary '',1,'ML016',4,'B2410039',4),(1906,'A',9,_binary '\0',4,'CT428',2,'B2410039',2),(1907,'A',8.7,_binary '',1,'CT100',1,'B2410039',1),(1908,'A+',8.9,_binary '\0',4,'ML019',4,'B2410039',3),(1909,'A',9.3,_binary '\0',5,'TC006',3,'B2410039',3),(1910,'A+',9.2,_binary '',3,'TN010',3,'B2410039',1),(1911,'A',9.2,_binary '',1,'XH025',4,'B2410039',3),(1912,'A',9,_binary '',2,'CT271',3,'B2410039',1),(1913,'A+',8.8,_binary '',1,'CT522',4,'B2410039',1),(1914,'A+',9.4,_binary '\0',4,'CT174',5,'B2410039',2),(1915,'A+',9,_binary '\0',2,'CT127',2,'B2410039',2),(1916,'A+',9.5,_binary '\0',5,'KL001',3,'B2410039',1),(1917,'A+',9.4,_binary '',3,'CT225',3,'B2410039',2),(1918,'A',9.5,_binary '\0',1,'TN012',1,'B2410039',1),(1919,'A+',9.2,_binary '\0',1,'CT296',1,'B2410039',3),(1920,'A',9.3,_binary '\0',4,'CT180',1,'B2410039',2),(1921,'A',8.7,_binary '',2,'CT224',5,'B2410039',4),(1922,'A',9.4,_binary '\0',1,'ML021',4,'B2410039',1),(1923,'A+',8.6,_binary '',1,'CT279',1,'B2410039',4),(1924,'A',9.1,_binary '\0',5,'KN002',1,'B2410039',3),(1925,'A',9.5,_binary '\0',5,'CT226',1,'B2410039',4),(1926,'A+',9.2,_binary '',1,'TC028',2,'B2410039',2),(1927,'A',9.4,_binary '',5,'XH014',3,'B2410039',4),(1928,'A',8.9,_binary '',2,'QP013',3,'B2410039',3),(1929,'A',9.1,_binary '\0',4,'XH012',5,'B2410039',4),(1930,'A',8.9,_binary '',2,'CT212',2,'B2410039',3),(1931,'A+',9.2,_binary '\0',4,'QP010',2,'B2410039',2),(1932,'A',8.5,_binary '\0',1,'ML014',4,'B2410039',2),(1933,'A+',9.2,_binary '\0',4,'CT293',3,'B2410039',1),(1934,'A',8.8,_binary '',2,'CT176',4,'B2410039',2),(1935,'A+',9,_binary '\0',3,'TN001',1,'B2410039',3),(1936,'A',9.2,_binary '\0',5,'TN002',4,'B2410039',4),(1937,'A',9.4,_binary '\0',4,'CT555',1,'B2410039',1),(1938,'A+',8.6,_binary '\0',4,'CT439',1,'B2410039',1),(1939,'A+',9.4,_binary '',3,'CT175',1,'B2410039',1),(1940,'A',9.4,_binary '\0',5,'XH028',1,'B2410039',2),(1941,'A',9.2,_binary '',3,'CT232',4,'B2410039',4),(1942,'A+',8.9,_binary '\0',5,'CT173',4,'B2410039',1),(1943,'A',9.4,_binary '\0',5,'CT476',5,'B2410039',4),(1944,'A+',8.9,_binary '',1,'CT200',3,'B2410039',2),(1945,'A',9.2,_binary '',1,'CT294',5,'B2410039',2),(1946,'A+',9.2,_binary '\0',4,'CT172',2,'B2410039',1),(1947,'A',9.4,_binary '\0',2,'CT471',2,'B2410039',4),(1948,'A',8.9,_binary '\0',2,'CT335',1,'B2410039',3),(1949,'A+',8.6,_binary '\0',1,'CT112',2,'B2410039',2),(1950,'A',9.1,_binary '',2,'TC029',4,'B2410039',3),(1951,'A',9.3,_binary '',5,'ML007',4,'B2410039',1),(1952,'A',9,_binary '\0',4,'QP011',3,'B2410039',1),(1953,'A+',9.3,_binary '\0',1,'TC030',2,'B2410039',2),(1954,'A+',8.8,_binary '\0',3,'CT466',5,'B2410039',4),(1955,'A',9.5,_binary '',1,'CT182',4,'B2410039',4),(1956,'A',8.6,_binary '',2,'CT101',2,'B2410039',2),(1957,'C+',6.8,_binary '\0',2,'TC029',3,'B2410040',3),(1958,'C',6.7,_binary '\0',5,'TC006',4,'B2410040',3),(1959,'C+',6.9,_binary '',2,'CT222',1,'B2410040',1),(1960,'C',7,_binary '\0',5,'XH023',1,'B2410040',1),(1961,'C',6.9,_binary '\0',3,'CT221',3,'B2410040',2),(1962,'C',7.2,_binary '',1,'TC028',4,'B2410040',2),(1963,'C+',7.2,_binary '\0',5,'ML007',5,'B2410040',1),(1964,'C',6.9,_binary '',1,'CT273',4,'B2410040',2),(1965,'C+',7,_binary '',4,'CT428',2,'B2410040',2),(1966,'C+',7.2,_binary '',4,'QP011',1,'B2410040',1),(1967,'C+',7.3,_binary '\0',5,'XH028',5,'B2410040',2),(1968,'C+',6.5,_binary '\0',5,'CT178',2,'B2410040',2),(1969,'C',7,_binary '',3,'TC020',5,'B2410040',4),(1970,'C+',7.3,_binary '',1,'TC005',5,'B2410040',3),(1971,'C+',6.7,_binary '',4,'CT188',2,'B2410040',2),(1972,'C+',6.8,_binary '',4,'CT174',1,'B2410040',2),(1973,'C',7.1,_binary '\0',1,'ML021',1,'B2410040',1),(1974,'C+',6.6,_binary '',4,'CT172',5,'B2410040',1),(1975,'C+',6.7,_binary '',4,'ML018',4,'B2410040',4),(1976,'C+',6.6,_binary '',2,'CT271',2,'B2410040',1),(1977,'C',6.5,_binary '',4,'CT293',5,'B2410040',1),(1978,'C+',7.1,_binary '',5,'CT226',4,'B2410040',4),(1979,'C+',6.9,_binary '',1,'ML014',4,'B2410040',2),(1980,'C+',7,_binary '',2,'CT177',1,'B2410040',3),(1981,'C+',6.6,_binary '\0',5,'KL001',2,'B2410040',1),(1982,'C+',6.7,_binary '',1,'XH025',4,'B2410040',3),(1983,'C+',7.2,_binary '',2,'KN001',3,'B2410040',2),(1984,'C',7.2,_binary '\0',5,'XH014',1,'B2410040',4),(1985,'C+',6.6,_binary '',2,'CT275',4,'B2410040',3),(1986,'C+',6.7,_binary '',2,'QP013',5,'B2410040',3),(1987,'C',7,_binary '\0',3,'HP5680',4,'B2410040',3),(1988,'C+',7.2,_binary '\0',1,'HP4775',2,'B2410040',1),(1989,'C+',6.9,_binary '',5,'HP9090',4,'B2410040',4),(1990,'C',7.3,_binary '',3,'HP9135',2,'B2410040',4),(1991,'C+',7,_binary '\0',1,'HP3842',5,'B2410040',4),(1992,'C',7.2,_binary '',5,'HP1506',4,'B2410040',2),(1993,'C+',7.2,_binary '',2,'HP3995',3,'B2410040',4),(1994,'C+',7,_binary '\0',3,'HP5836',4,'B2410040',3),(1995,'C+',7,_binary '\0',1,'HP1398',2,'B2410040',3),(1996,'C+',6.7,_binary '',3,'HP3165',4,'B2410040',1),(1997,'C',7.1,_binary '\0',2,'HP9526',2,'B2410040',3),(1998,'C+',7.3,_binary '',3,'HP4162',5,'B2410040',2),(1999,'C',6.5,_binary '\0',2,'HP4707',4,'B2410040',2),(2000,'C',7.3,_binary '',4,'HP9750',2,'B2410040',2),(2001,'C+',7,_binary '',1,'HP6837',2,'B2410040',2),(2002,'C',7.1,_binary '',4,'HP6866',4,'B2410040',3),(2003,'C+',6.8,_binary '',1,'HP4987',2,'B2410040',3),(2004,'C',7,_binary '',1,'HP3274',5,'B2410040',2),(2005,'C+',7.3,_binary '',1,'HP6249',1,'B2410040',3),(2006,'C',7.2,_binary '\0',5,'HP5074',5,'B2410040',3),(2007,'C+',6.7,_binary '',5,'HP8858',5,'B2410040',3),(2008,'C+',7.1,_binary '',3,'HP6567',4,'B2410040',2),(2009,'C+',6.6,_binary '\0',3,'HP4821',5,'B2410040',2),(2010,'C+',6.5,_binary '\0',3,'HP8895',2,'B2410040',2),(2011,'C+',6.9,_binary '\0',3,'HP8794',1,'B2410040',4),(2012,'C',7.1,_binary '',4,'HP3340',4,'B2410040',3),(2013,'C',6.8,_binary '',3,'HP7421',4,'B2410040',1),(2014,'C+',7.2,_binary '',5,'HP9649',1,'B2410040',4),(2015,'C+',7.1,_binary '\0',4,'HP8718',3,'B2410040',4),(2016,'C',6.8,_binary '\0',5,'HP2705',5,'B2410040',2),(2017,'C+',6.8,_binary '\0',3,'HP6418',2,'B2410040',1),(2018,'C',6.8,_binary '\0',5,'HP3584',3,'B2410040',4),(2019,'B+',8.3,_binary '\0',3,'CT177',NULL,'B2410945',3);
/*!40000 ALTER TABLE `ket_qua_hoc_tap` ENABLE KEYS */;
UNLOCK TABLES;

--
-- Table structure for table `khoa`
--

DROP TABLE IF EXISTS `khoa`;
/*!40101 SET @saved_cs_client     = @@character_set_client */;
/*!50503 SET character_set_client = utf8mb4 */;
CREATE TABLE `khoa` (
  `ma_khoa` bigint NOT NULL AUTO_INCREMENT,
  `ten_khoa` varchar(255) DEFAULT NULL,
  PRIMARY KEY (`ma_khoa`)
) ENGINE=InnoDB AUTO_INCREMENT=11 DEFAULT CHARSET=utf8mb4 COLLATE=utf8mb4_0900_ai_ci;
/*!40101 SET character_set_client = @saved_cs_client */;

--
-- Dumping data for table `khoa`
--

LOCK TABLES `khoa` WRITE;
/*!40000 ALTER TABLE `khoa` DISABLE KEYS */;
INSERT INTO `khoa` VALUES (1,'Mạng máy tính và Truyền thông dữ liệu'),(2,'An toàn Thông tin'),(4,'Hệ thống Thông tin'),(5,'Khoa học Máy tính'),(6,'Kỹ thuật Phần mềm'),(7,'Truyền thông Đa phương tiện'),(8,'Công Nghệ Thông Tin');
/*!40000 ALTER TABLE `khoa` ENABLE KEYS */;
UNLOCK TABLES;

--
-- Table structure for table `lop`
--

DROP TABLE IF EXISTS `lop`;
/*!40101 SET @saved_cs_client     = @@character_set_client */;
/*!50503 SET character_set_client = utf8mb4 */;
CREATE TABLE `lop` (
  `ma_lop` varchar(255) NOT NULL,
  `chu_nhiem` varchar(255) DEFAULT NULL,
  `ten_lop` varchar(255) DEFAULT NULL,
  `ma_nganh` bigint DEFAULT NULL,
  `si_so` bigint DEFAULT NULL,
  `si_so_con` bigint DEFAULT NULL,
  PRIMARY KEY (`ma_lop`),
  KEY `FKfnqo95o7qnn3i8a0p3hqyxom` (`ma_nganh`),
  CONSTRAINT `FKfnqo95o7qnn3i8a0p3hqyxom` FOREIGN KEY (`ma_nganh`) REFERENCES `nganh` (`ma_nganh`)
) ENGINE=InnoDB DEFAULT CHARSET=utf8mb4 COLLATE=utf8mb4_0900_ai_ci;
/*!40101 SET character_set_client = @saved_cs_client */;

--
-- Dumping data for table `lop`
--

LOCK TABLES `lop` WRITE;
/*!40000 ALTER TABLE `lop` DISABLE KEYS */;
INSERT INTO `lop` VALUES ('AT24T9A9',NULL,'An toàn Thông tin A6',5,40,20),('AT24T9B1',NULL,'An toàn Thông tin B4',5,40,20),('AT24T9C6',NULL,'An toàn Thông tin C2',5,40,20),('CN24T9A7',NULL,'Công Nghệ Thông Tin A7',7,40,20),('CN24T9B1',NULL,'Công Nghệ Thông Tin B4',7,40,20),('CN24T9C8',NULL,'Công Nghệ Thông Tin C7',7,40,0),('DI24T9A1',NULL,'Mạng máy tính và Truyền thông dữ liệu A1',6,40,21),('DI24T9A9',NULL,'Mạng máy tính và Truyền thông dữ liệu A4',6,40,20),('DI24T9B8',NULL,'Mạng máy tính và Truyền thông dữ liệu B1',6,40,20),('DI24T9C8',NULL,'Mạng máy tính và Truyền thông dữ liệu C1',6,40,20),('DI24VIRTUAL1',NULL,'Mạng máy tính Lớp Ảo 1',6,40,2),('HT24T9A9',NULL,'Hệ thống Thông tin A1',4,40,20),('HT24T9B6',NULL,'Hệ thống Thông tin B7',4,40,20),('HT24T9C8',NULL,'Hệ thống Thông tin C2',4,40,20),('KH24T9A2',NULL,'Khoa học Máy tính A6',3,40,20),('KH24T9B5',NULL,'Khoa học Máy tính B6',3,40,20),('KH24T9C4',NULL,'Khoa học Máy tính C2',3,40,20),('KT24T9A8',NULL,'Kỹ thuật Phần mềm A9',2,40,20),('KT24T9B9',NULL,'Kỹ thuật Phần mềm B1',2,40,20),('KT24T9C3',NULL,'Kỹ thuật Phần mềm C4',2,40,20),('KT24VIRTUAL1',NULL,'Kỹ thuật Phần mềm Lớp Ảo 1',2,40,2),('TT24T9A9',NULL,'Truyền thông Đa phương tiện A8',1,40,20),('TT24T9B6',NULL,'Truyền thông Đa phương tiện B4',1,40,20),('TT24T9C3',NULL,'Truyền thông Đa phương tiện C2',1,40,20);
/*!40000 ALTER TABLE `lop` ENABLE KEYS */;
UNLOCK TABLES;

--
-- Table structure for table `nam_hoc`
--

DROP TABLE IF EXISTS `nam_hoc`;
/*!40101 SET @saved_cs_client     = @@character_set_client */;
/*!50503 SET character_set_client = utf8mb4 */;
CREATE TABLE `nam_hoc` (
  `id` bigint NOT NULL AUTO_INCREMENT,
  `nam_bat_dau` varchar(255) DEFAULT NULL,
  `nam_ket_thuc` varchar(255) DEFAULT NULL,
  PRIMARY KEY (`id`)
) ENGINE=InnoDB AUTO_INCREMENT=10 DEFAULT CHARSET=utf8mb4 COLLATE=utf8mb4_0900_ai_ci;
/*!40101 SET character_set_client = @saved_cs_client */;

--
-- Dumping data for table `nam_hoc`
--

LOCK TABLES `nam_hoc` WRITE;
/*!40000 ALTER TABLE `nam_hoc` DISABLE KEYS */;
INSERT INTO `nam_hoc` VALUES (1,'2021','2022'),(2,'2022','2023'),(3,'2023','2024'),(4,'2024','2025'),(5,'2025','2026'),(6,'2026','2027'),(7,'2027','2028'),(8,'2028','2029'),(9,'2029','2030');
/*!40000 ALTER TABLE `nam_hoc` ENABLE KEYS */;
UNLOCK TABLES;

--
-- Table structure for table `nganh`
--

DROP TABLE IF EXISTS `nganh`;
/*!40101 SET @saved_cs_client     = @@character_set_client */;
/*!50503 SET character_set_client = utf8mb4 */;
CREATE TABLE `nganh` (
  `ma_nganh` bigint NOT NULL AUTO_INCREMENT,
  `ten_nganh` varchar(255) DEFAULT NULL,
  `ma_khoa` bigint DEFAULT NULL,
  PRIMARY KEY (`ma_nganh`),
  KEY `FKeljm0njcqiwey0kgb6k487rk3` (`ma_khoa`),
  CONSTRAINT `FKeljm0njcqiwey0kgb6k487rk3` FOREIGN KEY (`ma_khoa`) REFERENCES `khoa` (`ma_khoa`)
) ENGINE=InnoDB AUTO_INCREMENT=8 DEFAULT CHARSET=utf8mb4 COLLATE=utf8mb4_0900_ai_ci;
/*!40101 SET character_set_client = @saved_cs_client */;

--
-- Dumping data for table `nganh`
--

LOCK TABLES `nganh` WRITE;
/*!40000 ALTER TABLE `nganh` DISABLE KEYS */;
INSERT INTO `nganh` VALUES (1,'Truyền thông Đa phương tiện',7),(2,'Kỹ thuật Phần mềm',6),(3,'Khoa học Máy tính',5),(4,'Hệ thống Thông tin',4),(5,'An toàn Thông tin',2),(6,'Mạng máy tính và Truyền thông dữ liệu',1),(7,'Công Nghệ Thông Tin',8);
/*!40000 ALTER TABLE `nganh` ENABLE KEYS */;
UNLOCK TABLES;

--
-- Table structure for table `nhom_hoc_phan`
--

DROP TABLE IF EXISTS `nhom_hoc_phan`;
/*!40101 SET @saved_cs_client     = @@character_set_client */;
/*!50503 SET character_set_client = utf8mb4 */;
CREATE TABLE `nhom_hoc_phan` (
  `ma_nhomhp` varchar(255) NOT NULL,
  `ma_giang_vien` varchar(255) DEFAULT NULL,
  `si_so` int NOT NULL,
  `si_so_con` int NOT NULL,
  `tiet_batdau` int NOT NULL,
  `tiet_ketthuc` int NOT NULL,
  `ma_hoc_ky` bigint DEFAULT NULL,
  `ma_hoc_phan` varchar(255) DEFAULT NULL,
  `ma_phong_hoc` varchar(255) DEFAULT NULL,
  PRIMARY KEY (`ma_nhomhp`),
  KEY `FKa2iq8qqt3bl35yav6qpnrjxho` (`ma_hoc_ky`),
  KEY `FKlvigupo5l39xanfquxc3f7eid` (`ma_hoc_phan`),
  KEY `FKnxcoxv4k0w1r678d8mhorlpm2` (`ma_phong_hoc`),
  CONSTRAINT `FKa2iq8qqt3bl35yav6qpnrjxho` FOREIGN KEY (`ma_hoc_ky`) REFERENCES `hoc_ky` (`ma_hoc_ky`),
  CONSTRAINT `FKlvigupo5l39xanfquxc3f7eid` FOREIGN KEY (`ma_hoc_phan`) REFERENCES `hoc_phan` (`ma_hp`),
  CONSTRAINT `FKnxcoxv4k0w1r678d8mhorlpm2` FOREIGN KEY (`ma_phong_hoc`) REFERENCES `phong_hoc` (`ma_phong`)
) ENGINE=InnoDB DEFAULT CHARSET=utf8mb4 COLLATE=utf8mb4_0900_ai_ci;
/*!40101 SET character_set_client = @saved_cs_client */;

--
-- Dumping data for table `nhom_hoc_phan`
--

LOCK TABLES `nhom_hoc_phan` WRITE;
/*!40000 ALTER TABLE `nhom_hoc_phan` DISABLE KEYS */;
/*!40000 ALTER TABLE `nhom_hoc_phan` ENABLE KEYS */;
UNLOCK TABLES;

--
-- Table structure for table `phong_hoc`
--

DROP TABLE IF EXISTS `phong_hoc`;
/*!40101 SET @saved_cs_client     = @@character_set_client */;
/*!50503 SET character_set_client = utf8mb4 */;
CREATE TABLE `phong_hoc` (
  `ma_phong` varchar(255) NOT NULL,
  `ma_nha_hoc` varchar(255) DEFAULT NULL,
  `suc_chua` int NOT NULL,
  `tiet_hoc` bit(1) NOT NULL,
  PRIMARY KEY (`ma_phong`)
) ENGINE=InnoDB DEFAULT CHARSET=utf8mb4 COLLATE=utf8mb4_0900_ai_ci;
/*!40101 SET character_set_client = @saved_cs_client */;

--
-- Dumping data for table `phong_hoc`
--

LOCK TABLES `phong_hoc` WRITE;
/*!40000 ALTER TABLE `phong_hoc` DISABLE KEYS */;
/*!40000 ALTER TABLE `phong_hoc` ENABLE KEYS */;
UNLOCK TABLES;

--
-- Table structure for table `role`
--

DROP TABLE IF EXISTS `role`;
/*!40101 SET @saved_cs_client     = @@character_set_client */;
/*!50503 SET character_set_client = utf8mb4 */;
CREATE TABLE `role` (
  `name` varchar(255) NOT NULL,
  PRIMARY KEY (`name`)
) ENGINE=InnoDB DEFAULT CHARSET=utf8mb4 COLLATE=utf8mb4_0900_ai_ci;
/*!40101 SET character_set_client = @saved_cs_client */;

--
-- Dumping data for table `role`
--

LOCK TABLES `role` WRITE;
/*!40000 ALTER TABLE `role` DISABLE KEYS */;
INSERT INTO `role` VALUES ('ADMIN'),('CHUNHIEM'),('GIANGVIEN'),('SINHVIEN');
/*!40000 ALTER TABLE `role` ENABLE KEYS */;
UNLOCK TABLES;

--
-- Table structure for table `sinh_vien`
--

DROP TABLE IF EXISTS `sinh_vien`;
/*!40101 SET @saved_cs_client     = @@character_set_client */;
/*!50503 SET character_set_client = utf8mb4 */;
CREATE TABLE `sinh_vien` (
  `ma_so` varchar(255) NOT NULL,
  `khoa_hoc` varchar(255) DEFAULT NULL,
  `ma_lop` varchar(255) DEFAULT NULL,
  `avatar_url` varchar(255) DEFAULT NULL,
  `cccd` varchar(255) DEFAULT NULL,
  `dan_toc` varchar(255) DEFAULT NULL,
  `dia_chi` varchar(255) DEFAULT NULL,
  `email` varchar(255) DEFAULT NULL,
  `ngay_cap_cccd` date DEFAULT NULL,
  `noi_cap_cccd` varchar(255) DEFAULT NULL,
  `que_quan` varchar(255) DEFAULT NULL,
  `so_dien_thoai` varchar(255) DEFAULT NULL,
  `ton_giao` varchar(255) DEFAULT NULL,
  PRIMARY KEY (`ma_so`),
  KEY `FKd6wx9fjodxfkjcdmm3biqagie` (`ma_lop`),
  CONSTRAINT `FKd6wx9fjodxfkjcdmm3biqagie` FOREIGN KEY (`ma_lop`) REFERENCES `lop` (`ma_lop`)
) ENGINE=InnoDB DEFAULT CHARSET=utf8mb4 COLLATE=utf8mb4_0900_ai_ci;
/*!40101 SET character_set_client = @saved_cs_client */;

--
-- Dumping data for table `sinh_vien`
--

LOCK TABLES `sinh_vien` WRITE;
/*!40000 ALTER TABLE `sinh_vien` DISABLE KEYS */;
INSERT INTO `sinh_vien` VALUES ('B2410001','K47','DI24T9A1',NULL,NULL,NULL,NULL,NULL,NULL,NULL,NULL,NULL,NULL),('B2410002','K47','DI24T9A1',NULL,NULL,NULL,NULL,NULL,NULL,NULL,NULL,NULL,NULL),('B2410003','K47','DI24T9A1',NULL,NULL,NULL,NULL,NULL,NULL,NULL,NULL,NULL,NULL),('B2410004','K47','DI24T9A1',NULL,NULL,NULL,NULL,NULL,NULL,NULL,NULL,NULL,NULL),('B2410005','K47','DI24T9A1',NULL,NULL,NULL,NULL,NULL,NULL,NULL,NULL,NULL,NULL),('B2410006','K47','DI24T9A1',NULL,NULL,NULL,NULL,NULL,NULL,NULL,NULL,NULL,NULL),('B2410007','K47','DI24T9A1',NULL,NULL,NULL,NULL,NULL,NULL,NULL,NULL,NULL,NULL),('B2410008','K47','DI24T9A1',NULL,NULL,NULL,NULL,NULL,NULL,NULL,NULL,NULL,NULL),('B2410009','K47','DI24T9A1',NULL,NULL,NULL,NULL,NULL,NULL,NULL,NULL,NULL,NULL),('B2410010','K47','DI24T9A1',NULL,NULL,NULL,NULL,NULL,NULL,NULL,NULL,NULL,NULL),('B2410011','K47','DI24T9A1',NULL,NULL,NULL,NULL,NULL,NULL,NULL,NULL,NULL,NULL),('B2410012','K47','DI24T9A1',NULL,NULL,NULL,NULL,NULL,NULL,NULL,NULL,NULL,NULL),('B2410013','K47','DI24T9A1',NULL,NULL,NULL,NULL,NULL,NULL,NULL,NULL,NULL,NULL),('B2410014','K47','DI24T9A1',NULL,NULL,NULL,NULL,NULL,NULL,NULL,NULL,NULL,NULL),('B2410015','K47','DI24T9A1',NULL,NULL,NULL,NULL,NULL,NULL,NULL,NULL,NULL,NULL),('B2410016','K47','DI24T9A1',NULL,NULL,NULL,NULL,NULL,NULL,NULL,NULL,NULL,NULL),('B2410017','K47','DI24T9A1',NULL,NULL,NULL,NULL,NULL,NULL,NULL,NULL,NULL,NULL),('B2410018','K47','DI24T9A1',NULL,NULL,NULL,NULL,NULL,NULL,NULL,NULL,NULL,NULL),('B2410019','K47','DI24T9A1',NULL,NULL,NULL,NULL,NULL,NULL,NULL,NULL,NULL,NULL),('B2410020','K47','DI24T9A1',NULL,NULL,NULL,NULL,NULL,NULL,NULL,NULL,NULL,NULL),('B2410021','K47','DI24T9A1',NULL,NULL,NULL,NULL,NULL,NULL,NULL,NULL,NULL,NULL),('B2410022','K47','DI24T9A1',NULL,NULL,NULL,NULL,NULL,NULL,NULL,NULL,NULL,NULL),('B2410023','K47','DI24T9A1',NULL,NULL,NULL,NULL,NULL,NULL,NULL,NULL,NULL,NULL),('B2410024','K47','DI24T9A1',NULL,NULL,NULL,NULL,NULL,NULL,NULL,NULL,NULL,NULL),('B2410025','K47','DI24T9A1',NULL,NULL,NULL,NULL,NULL,NULL,NULL,NULL,NULL,NULL),('B2410026','K47','DI24T9A1',NULL,NULL,NULL,NULL,NULL,NULL,NULL,NULL,NULL,NULL),('B2410027','K47','DI24T9A1',NULL,NULL,NULL,NULL,NULL,NULL,NULL,NULL,NULL,NULL),('B2410028','K47','DI24T9A1',NULL,NULL,NULL,NULL,NULL,NULL,NULL,NULL,NULL,NULL),('B2410029','K47','DI24T9A1',NULL,NULL,NULL,NULL,NULL,NULL,NULL,NULL,NULL,NULL),('B2410030','K47','DI24T9A1',NULL,NULL,NULL,NULL,NULL,NULL,NULL,NULL,NULL,NULL),('B2410031','K47','DI24T9A1',NULL,NULL,NULL,NULL,NULL,NULL,NULL,NULL,NULL,NULL),('B2410032','K47','DI24T9A1',NULL,NULL,NULL,NULL,NULL,NULL,NULL,NULL,NULL,NULL),('B2410033','K47','DI24T9A1',NULL,NULL,NULL,NULL,NULL,NULL,NULL,NULL,NULL,NULL),('B2410034','K47','DI24T9A1',NULL,NULL,NULL,NULL,NULL,NULL,NULL,NULL,NULL,NULL),('B2410035','K47','DI24T9A1',NULL,NULL,NULL,NULL,NULL,NULL,NULL,NULL,NULL,NULL),('B2410036','K47','DI24T9A1',NULL,NULL,NULL,NULL,NULL,NULL,NULL,NULL,NULL,NULL),('B2410037','K47','DI24T9A1',NULL,NULL,NULL,NULL,NULL,NULL,NULL,NULL,NULL,NULL),('B2410038','K47','DI24T9A1',NULL,NULL,NULL,NULL,NULL,NULL,NULL,NULL,NULL,NULL),('B2410039','K47','DI24T9A1',NULL,NULL,NULL,NULL,NULL,NULL,NULL,NULL,NULL,NULL),('B2410040','K47','DI24T9A1',NULL,NULL,NULL,NULL,NULL,NULL,NULL,NULL,NULL,NULL),('B2410945','K47','DI24T9A1','http://res.cloudinary.com/b2110945/image/upload/v1753113431/avatars/B2410945/xz6gvifspt6uislftpk0.gif',NULL,NULL,NULL,NULL,NULL,NULL,NULL,NULL,NULL);
/*!40000 ALTER TABLE `sinh_vien` ENABLE KEYS */;
UNLOCK TABLES;

--
-- Table structure for table `user`
--

DROP TABLE IF EXISTS `user`;
/*!40101 SET @saved_cs_client     = @@character_set_client */;
/*!50503 SET character_set_client = utf8mb4 */;
CREATE TABLE `user` (
  `ma_so` varchar(255) NOT NULL,
  `email` varchar(255) DEFAULT NULL,
  `gioi_tinh` bit(1) NOT NULL,
  `ho_ten` varchar(255) DEFAULT NULL,
  `ngay_sinh` date DEFAULT NULL,
  `password` varchar(255) DEFAULT NULL,
  PRIMARY KEY (`ma_so`)
) ENGINE=InnoDB DEFAULT CHARSET=utf8mb4 COLLATE=utf8mb4_0900_ai_ci;
/*!40101 SET character_set_client = @saved_cs_client */;

--
-- Dumping data for table `user`
--

LOCK TABLES `user` WRITE;
/*!40000 ALTER TABLE `user` DISABLE KEYS */;
INSERT INTO `user` VALUES ('B2410001','vi.vũ@example.com',_binary '\0','Vi Vũ','2003-02-24','$2a$10$3PINS/5.2Pnpkm5In0w5a./olfUp.EAjqG6haeblWAUOOxztKAEuK'),('B2410002','chị.hải.đặng@example.com',_binary '\0','Chị Hải Đặng','2003-08-02','$2a$10$3PINS/5.2Pnpkm5In0w5a./olfUp.EAjqG6haeblWAUOOxztKAEuK'),('B2410003','hạnh.bùi@example.com',_binary '\0','Hạnh Bùi','2003-06-04','$2a$10$3PINS/5.2Pnpkm5In0w5a./olfUp.EAjqG6haeblWAUOOxztKAEuK'),('B2410004','bà.lan.phạm@example.com',_binary '\0','Bà Lan Phạm','2005-05-11','$2a$10$3PINS/5.2Pnpkm5In0w5a./olfUp.EAjqG6haeblWAUOOxztKAEuK'),('B2410005','mai.đặng@example.com',_binary '\0','Mai Đặng','2003-10-21','$2a$10$3PINS/5.2Pnpkm5In0w5a./olfUp.EAjqG6haeblWAUOOxztKAEuK'),('B2410006','ông.phúc.lê@example.com',_binary '\0','Ông Phúc Lê','2005-12-06','$2a$10$3PINS/5.2Pnpkm5In0w5a./olfUp.EAjqG6haeblWAUOOxztKAEuK'),('B2410007','chị.vi.nguyễn@example.com',_binary '\0','Chị Vi Nguyễn','2005-04-12','$2a$10$3PINS/5.2Pnpkm5In0w5a./olfUp.EAjqG6haeblWAUOOxztKAEuK'),('B2410008','phương.thế.hoàng@example.com',_binary '','Phương Thế Hoàng','2005-11-14','$2a$10$3PINS/5.2Pnpkm5In0w5a./olfUp.EAjqG6haeblWAUOOxztKAEuK'),('B2410009','an.đặng@example.com',_binary '','An Đặng','2004-03-19','$2a$10$3PINS/5.2Pnpkm5In0w5a./olfUp.EAjqG6haeblWAUOOxztKAEuK'),('B2410010','phương.nguyễn@example.com',_binary '','Phương Nguyễn','2005-12-28','$2a$10$3PINS/5.2Pnpkm5In0w5a./olfUp.EAjqG6haeblWAUOOxztKAEuK'),('B2410011','hải.bùi@example.com',_binary '\0','Hải Bùi','2005-10-22','$2a$10$3PINS/5.2Pnpkm5In0w5a./olfUp.EAjqG6haeblWAUOOxztKAEuK'),('B2410012','anh.vũ.đặng@example.com',_binary '\0','Anh Vũ Đặng','2005-04-30','$2a$10$3PINS/5.2Pnpkm5In0w5a./olfUp.EAjqG6haeblWAUOOxztKAEuK'),('B2410013','ánh.mai@example.com',_binary '','Ánh Mai','2003-08-09','$2a$10$3PINS/5.2Pnpkm5In0w5a./olfUp.EAjqG6haeblWAUOOxztKAEuK'),('B2410014','trung.lê@example.com',_binary '\0','Trung Lê','2005-05-24','$2a$10$3PINS/5.2Pnpkm5In0w5a./olfUp.EAjqG6haeblWAUOOxztKAEuK'),('B2410015','an.đặng@example.com',_binary '\0','An Đặng','2005-11-12','$2a$10$3PINS/5.2Pnpkm5In0w5a./olfUp.EAjqG6haeblWAUOOxztKAEuK'),('B2410016','ông.khoa.bùi@example.com',_binary '','Ông Khoa Bùi','2003-07-17','$2a$10$3PINS/5.2Pnpkm5In0w5a./olfUp.EAjqG6haeblWAUOOxztKAEuK'),('B2410017','anh.dũng.đặng@example.com',_binary '\0','Anh Dũng Đặng','2004-04-08','$2a$10$3PINS/5.2Pnpkm5In0w5a./olfUp.EAjqG6haeblWAUOOxztKAEuK'),('B2410018','hương.nguyễn@example.com',_binary '\0','Hương Nguyễn','2003-05-24','$2a$10$3PINS/5.2Pnpkm5In0w5a./olfUp.EAjqG6haeblWAUOOxztKAEuK'),('B2410019','quý.cô.hạnh.trần@example.com',_binary '','Quý cô Hạnh Trần','2004-05-30','$2a$10$3PINS/5.2Pnpkm5In0w5a./olfUp.EAjqG6haeblWAUOOxztKAEuK'),('B2410020','hà.mai.hoàng@example.com',_binary '','Hà Mai Hoàng','2004-11-26','$2a$10$3PINS/5.2Pnpkm5In0w5a./olfUp.EAjqG6haeblWAUOOxztKAEuK'),('B2410021','quý.ông.nhiên.mai@example.com',_binary '\0','Quý ông Nhiên Mai','2004-08-27','$2a$10$3PINS/5.2Pnpkm5In0w5a./olfUp.EAjqG6haeblWAUOOxztKAEuK'),('B2410022','chị.thành.phạm@example.com',_binary '','Chị Thành Phạm','2003-11-08','$2a$10$3PINS/5.2Pnpkm5In0w5a./olfUp.EAjqG6haeblWAUOOxztKAEuK'),('B2410023','trung.phú.nguyễn@example.com',_binary '\0','Trung Phú Nguyễn','2004-02-29','$2a$10$3PINS/5.2Pnpkm5In0w5a./olfUp.EAjqG6haeblWAUOOxztKAEuK'),('B2410024','ánh.trần@example.com',_binary '','Ánh Trần','2004-08-22','$2a$10$3PINS/5.2Pnpkm5In0w5a./olfUp.EAjqG6haeblWAUOOxztKAEuK'),('B2410025','cô.thành.đặng@example.com',_binary '','Cô Thành Đặng','2005-06-11','$2a$10$3PINS/5.2Pnpkm5In0w5a./olfUp.EAjqG6haeblWAUOOxztKAEuK'),('B2410026','anh.hải.bùi@example.com',_binary '\0','Anh Hải Bùi','2003-01-02','$2a$10$3PINS/5.2Pnpkm5In0w5a./olfUp.EAjqG6haeblWAUOOxztKAEuK'),('B2410027','anh.đặng@example.com',_binary '\0','Anh Đặng','2005-08-17','$2a$10$3PINS/5.2Pnpkm5In0w5a./olfUp.EAjqG6haeblWAUOOxztKAEuK'),('B2410028','anh.tú.phạm@example.com',_binary '','Anh Tú Phạm','2003-04-20','$2a$10$3PINS/5.2Pnpkm5In0w5a./olfUp.EAjqG6haeblWAUOOxztKAEuK'),('B2410029','bảo.mai.đặng@example.com',_binary '','Bảo Mai Đặng','2004-02-10','$2a$10$3PINS/5.2Pnpkm5In0w5a./olfUp.EAjqG6haeblWAUOOxztKAEuK'),('B2410030','chị.hồng.đặng@example.com',_binary '','Chị Hồng Đặng','2003-02-22','$2a$10$3PINS/5.2Pnpkm5In0w5a./olfUp.EAjqG6haeblWAUOOxztKAEuK'),('B2410031','nhiên.lê@example.com',_binary '\0','Nhiên Lê','2004-12-17','$2a$10$3PINS/5.2Pnpkm5In0w5a./olfUp.EAjqG6haeblWAUOOxztKAEuK'),('B2410032','cô.an.đặng@example.com',_binary '\0','Cô An Đặng','2004-02-21','$2a$10$3PINS/5.2Pnpkm5In0w5a./olfUp.EAjqG6haeblWAUOOxztKAEuK'),('B2410033','thành.hoàng@example.com',_binary '','Thành Hoàng','2005-05-25','$2a$10$3PINS/5.2Pnpkm5In0w5a./olfUp.EAjqG6haeblWAUOOxztKAEuK'),('B2410034','bà.ngọc.đặng@example.com',_binary '','Bà Ngọc Đặng','2003-07-08','$2a$10$3PINS/5.2Pnpkm5In0w5a./olfUp.EAjqG6haeblWAUOOxztKAEuK'),('B2410035','quý.ông.nhiên.bùi@example.com',_binary '\0','Quý ông Nhiên Bùi','2003-12-20','$2a$10$3PINS/5.2Pnpkm5In0w5a./olfUp.EAjqG6haeblWAUOOxztKAEuK'),('B2410036','khoa.đặng@example.com',_binary '\0','Khoa Đặng','2004-02-05','$2a$10$3PINS/5.2Pnpkm5In0w5a./olfUp.EAjqG6haeblWAUOOxztKAEuK'),('B2410037','an.phạm@example.com',_binary '','An Phạm','2004-11-23','$2a$10$3PINS/5.2Pnpkm5In0w5a./olfUp.EAjqG6haeblWAUOOxztKAEuK'),('B2410038','lâm.đức.hoàng@example.com',_binary '','Lâm Đức Hoàng','2004-10-19','$2a$10$3PINS/5.2Pnpkm5In0w5a./olfUp.EAjqG6haeblWAUOOxztKAEuK'),('B2410039','quý.cô.ánh.lê@example.com',_binary '\0','Quý cô Ánh Lê','2004-02-07','$2a$10$3PINS/5.2Pnpkm5In0w5a./olfUp.EAjqG6haeblWAUOOxztKAEuK'),('B2410040','mai.hoàng@example.com',_binary '\0','Mai Hoàng','2005-05-15','$2a$10$3PINS/5.2Pnpkm5In0w5a./olfUp.EAjqG6haeblWAUOOxztKAEuK'),('B2410945','nguyenluong@gmail.com',_binary '\0','Nguyen Hải Lương','2003-11-04','$2a$10$3PINS/5.2Pnpkm5In0w5a./olfUp.EAjqG6haeblWAUOOxztKAEuK'),('C2110945','luong@admin.com',_binary '','Nguyễn Hải Lương','2003-11-04','$2a$10$3PINS/5.2Pnpkm5In0w5a./olfUp.EAjqG6haeblWAUOOxztKAEuK');
/*!40000 ALTER TABLE `user` ENABLE KEYS */;
UNLOCK TABLES;

--
-- Table structure for table `user_roles`
--

DROP TABLE IF EXISTS `user_roles`;
/*!40101 SET @saved_cs_client     = @@character_set_client */;
/*!50503 SET character_set_client = utf8mb4 */;
CREATE TABLE `user_roles` (
  `user_ma_so` varchar(255) NOT NULL,
  `roles_name` varchar(255) NOT NULL,
  PRIMARY KEY (`user_ma_so`,`roles_name`),
  KEY `FK6pmbiap985ue1c0qjic44pxlc` (`roles_name`),
  CONSTRAINT `FK6pmbiap985ue1c0qjic44pxlc` FOREIGN KEY (`roles_name`) REFERENCES `role` (`name`),
  CONSTRAINT `FKcnvn8bb2q29t387ehpbcrbon4` FOREIGN KEY (`user_ma_so`) REFERENCES `user` (`ma_so`)
) ENGINE=InnoDB DEFAULT CHARSET=utf8mb4 COLLATE=utf8mb4_0900_ai_ci;
/*!40101 SET character_set_client = @saved_cs_client */;

--
-- Dumping data for table `user_roles`
--

LOCK TABLES `user_roles` WRITE;
/*!40000 ALTER TABLE `user_roles` DISABLE KEYS */;
INSERT INTO `user_roles` VALUES ('C2110945','GIANGVIEN'),('B2410001','SINHVIEN'),('B2410002','SINHVIEN'),('B2410003','SINHVIEN'),('B2410004','SINHVIEN'),('B2410005','SINHVIEN'),('B2410006','SINHVIEN'),('B2410007','SINHVIEN'),('B2410008','SINHVIEN'),('B2410009','SINHVIEN'),('B2410010','SINHVIEN'),('B2410011','SINHVIEN'),('B2410012','SINHVIEN'),('B2410013','SINHVIEN'),('B2410014','SINHVIEN'),('B2410015','SINHVIEN'),('B2410016','SINHVIEN'),('B2410017','SINHVIEN'),('B2410018','SINHVIEN'),('B2410019','SINHVIEN'),('B2410020','SINHVIEN'),('B2410021','SINHVIEN'),('B2410022','SINHVIEN'),('B2410023','SINHVIEN'),('B2410024','SINHVIEN'),('B2410025','SINHVIEN'),('B2410026','SINHVIEN'),('B2410027','SINHVIEN'),('B2410028','SINHVIEN'),('B2410029','SINHVIEN'),('B2410030','SINHVIEN'),('B2410031','SINHVIEN'),('B2410032','SINHVIEN'),('B2410033','SINHVIEN'),('B2410034','SINHVIEN'),('B2410035','SINHVIEN'),('B2410036','SINHVIEN'),('B2410037','SINHVIEN'),('B2410038','SINHVIEN'),('B2410039','SINHVIEN'),('B2410040','SINHVIEN'),('B2410945','SINHVIEN');
/*!40000 ALTER TABLE `user_roles` ENABLE KEYS */;
UNLOCK TABLES;
/*!40103 SET TIME_ZONE=@OLD_TIME_ZONE */;

/*!40101 SET SQL_MODE=@OLD_SQL_MODE */;
/*!40014 SET FOREIGN_KEY_CHECKS=@OLD_FOREIGN_KEY_CHECKS */;
/*!40014 SET UNIQUE_CHECKS=@OLD_UNIQUE_CHECKS */;
/*!40101 SET CHARACTER_SET_CLIENT=@OLD_CHARACTER_SET_CLIENT */;
/*!40101 SET CHARACTER_SET_RESULTS=@OLD_CHARACTER_SET_RESULTS */;
/*!40101 SET COLLATION_CONNECTION=@OLD_COLLATION_CONNECTION */;
/*!40111 SET SQL_NOTES=@OLD_SQL_NOTES */;

-- Dump completed on 2025-07-22 11:36:58
